SALE TYPE,SOLD DATE,PROPERTY TYPE,ADDRESS,CITY,STATE OR PROVINCE,ZIP OR POSTAL CODE,PRICE,BEDS,BATHS,LOCATION,SQUARE FEET,LOT SIZE,YEAR BUILT,DAYS ON MARKET,$/SQUARE FEET,HOA/MONTH,STATUS,NEXT OPEN HOUSE START TIME,NEXT OPEN HOUSE END TIME,URL (SEE https://www.redfin.com/buy-a-home/comparative-market-analysis FOR INFO ON PRICING),SOURCE,MLS#,FAVORITE,INTERESTED,LATITUDE,LONGITUDE
PAST SALE,May-22-2023,Single Family Residential,3736 SW Austin St,Seattle,WA,98126,815000,2,2.0,Gatewood,1480,4080,1945,,551,,Sold,,,https://www.redfin.com/WA/Seattle/3736-SW-Austin-St-98126/home/468544,NWMLS as Distributed by MLS Grid,2058799,N,Y,47.5351462,-122.3808827
PAST SALE,July-21-2023,Single Family Residential,3019 SW Thistle St,Seattle,WA,98126,910000,3,2.5,West Seattle,2110,7200,1988,,431,,Sold,,,https://www.redfin.com/WA/Seattle/3019-SW-Thistle-St-98126/home/473238,NWMLS as Distributed by MLS Grid,2127325,N,Y,47.5280699,-122.3721149
PAST SALE,July-7-2023,Single Family Residential,3211 SW 97th St,Seattle,WA,98126,509000,2,1.0,Arbor Heights,810,7980,1942,,628,,Sold,,,https://www.redfin.com/WA/Seattle/3211-SW-97th-St-98126/home/155606,NWMLS as Distributed by MLS Grid,2127278,N,Y,47.5164335,-122.3740376
PAST SALE,April-10-2023,Single Family Residential,2812 SW Graham St,Seattle,WA,98126,850000,3,3.0,High Point,2440,2257,2006,,348,99,Sold,,,https://www.redfin.com/WA/Seattle/2812-SW-Graham-St-98126/home/2115505,NWMLS as Distributed by MLS Grid,2036870,N,Y,47.547411,-122.3697712
PAST SALE,October-24-2023,Single Family Residential,2728 SW Holden St,Seattle,WA,98126,912500,3,2.5,West Seattle,1940,4566,2017,,470,,Sold,,,https://www.redfin.com/WA/Seattle/2728-SW-Holden-St-98126/home/170481247,NWMLS as Distributed by MLS Grid,2158368,N,Y,47.5348817,-122.3676025
PAST SALE,March-17-2023,Townhouse,9249 35th Ave SW Unit D,Seattle,WA,98126,585000,2,2.0,Fauntleroy,1320,824,2020,,443,,Sold,,,https://www.redfin.com/WA/Seattle/9249-35th-Ave-SW-98126/unit-D/home/174038259,NWMLS as Distributed by MLS Grid,2032337,N,Y,47.5195412,-122.3773271
PAST SALE,July-27-2023,Condo/Co-op,2830 SW Raymond St #304,Seattle,WA,98126,505000,2,2.0,High Point,1039,,2007,,486,615,Sold,,,https://www.redfin.com/WA/Seattle/2830-SW-Raymond-St-98126/unit-304/home/25723789,NWMLS as Distributed by MLS Grid,2073444,N,Y,47.5481511,-122.3691203
PAST SALE,September-29-2023,Condo/Co-op,3421 SW Roxbury St #404,Seattle,WA,98126,374600,2,2.0,Arbor Heights,976,,1981,,384,653,Sold,,,https://www.redfin.com/WA/Seattle/3421-SW-Roxbury-St-98126/unit-404/home/14303,NWMLS as Distributed by MLS Grid,2154061,N,Y,47.5171143,-122.3764327
PAST SALE,August-30-2023,Single Family Residential,7903 32nd Ave SW,Seattle,WA,98126,695000,3,1.5,Westwood,1350,5248,1941,,515,,Sold,,,https://www.redfin.com/WA/Seattle/7903-32nd-Ave-SW-98126/home/472822,NWMLS as Distributed by MLS Grid,2133177,N,Y,47.5317645,-122.3742257
PAST SALE,January-30-2023,Townhouse,3062 SW Avalon Way Unit F,Seattle,WA,98126,630000,2,2.0,Fairmount,1467,578,2018,,429,40,Sold,,,https://www.redfin.com/WA/Seattle/3062-SW-Avalon-Way-98126/unit-F/home/144466719,NWMLS as Distributed by MLS Grid,2019585,N,Y,47.5659767,-122.3722094
PAST SALE,September-5-2023,Townhouse,6552 High Point Dr SW,Seattle,WA,98126,634000,2,2.5,High Point,1380,1132,2014,,459,222,Sold,,,https://www.redfin.com/WA/Seattle/6552-High-Point-Dr-SW-98126/home/18661566,NWMLS as Distributed by MLS Grid,2133174,N,Y,47.54325,-122.3680113
PAST SALE,March-3-2023,Single Family Residential,7336 32nd Ave SW,Seattle,WA,98126,530000,2,1.0,West Seattle,830,5040,1942,,639,,Sold,,,https://www.redfin.com/WA/Seattle/7336-32nd-Ave-SW-98126/home/472145,NWMLS as Distributed by MLS Grid,2012529,N,Y,47.5362526,-122.3735875
PAST SALE,January-10-2023,Single Family Residential,4149 32nd Ave SW,Seattle,WA,98126,675000,3,2.0,Fairmount,1150,6860,1951,,587,,Sold,,,https://www.redfin.com/WA/Seattle/4149-32nd-Ave-SW-98126/home/159571,NWMLS as Distributed by MLS Grid,1993266,N,Y,47.5653314,-122.3739823
PAST SALE,February-17-2023,Condo/Co-op,6055 35th Ave SW #202,Seattle,WA,98126,390000,2,2.0,Fairmount,921,,1979,,423,372,Sold,,,https://www.redfin.com/WA/Seattle/6055-35th-Ave-SW-98126/unit-202/home/31414,NWMLS as Distributed by MLS Grid,1992375,N,Y,47.5467819,-122.3767238
PAST SALE,July-5-2023,Single Family Residential,4724 37th Ave SW,Seattle,WA,98126,550000,2,1.0,Alaska Junction,1650,4255,1918,,333,,Sold,,,https://www.redfin.com/WA/Seattle/4724-37th-Ave-SW-98126/home/471374,NWMLS as Distributed by MLS Grid,2135505,N,Y,47.560203,-122.3785713
PAST SALE,,Townhouse,6338 35th Ave SW Unit A,Seattle,WA,98126,595000,3,2.5,,1540,1540,2007,,386,,,,,https://www.redfin.com/WA/Seattle/6338-35th-Ave-SW-98126/unit-A/home/12318783,,,N,Y,47.545336,-122.374575
PAST SALE,,Single Family Residential,9240 30th Ave SW,Seattle,WA,98126,300000,2,2.0,,966,7800,1954,,311,,,,,https://www.redfin.com/WA/Seattle/9240-30th-Ave-SW-98126/home/472547,,,N,Y,47.5198494,-122.3710373
PAST SALE,February-7-2023,Condo/Co-op,3008 SW Cloverdale St,Seattle,WA,98126,630000,2,2.5,Westwood,1112,1866,2023,,567,50,Sold,,,https://www.redfin.com/WA/Seattle/3008-SW-Cloverdale-St-98126/home/183899590,NWMLS as Distributed by MLS Grid,2029611,N,Y,47.5266598,-122.371795
PAST SALE,,Single Family Residential,5248 35th Ave SW,Seattle,WA,98126,675000,3,1.5,,1260,4840,1927,,536,,,,,https://www.redfin.com/WA/Seattle/5248-35th-Ave-SW-98126/home/159015,,,N,Y,47.5541554,-122.3759113
PAST SALE,October-17-2023,Condo/Co-op,3202 SW Avalon Way #201,Seattle,WA,98126,348950,1,1.0,West Seattle,643,,1998,,543,433,Sold,,,https://www.redfin.com/WA/Seattle/3202-SW-Avalon-Way-98126/unit-201/home/2071791,NWMLS as Distributed by MLS Grid,2157078,N,Y,47.564599,-122.3730498
PAST SALE,September-14-2023,Townhouse,2839 SW Yancy St Unit A,Seattle,WA,98126,670000,2,2.0,West Seattle,1432,1551,2019,,468,,Sold,,,https://www.redfin.com/WA/Seattle/2839-SW-Yancy-St-98126/unit-A/home/169464831,NWMLS as Distributed by MLS Grid,2151810,N,Y,47.5674332,-122.3697643
PAST SALE,February-23-2023,Single Family Residential,2626 SW Nevada St,Seattle,WA,98126,660000,3,1.5,West Seattle,1500,2500,1916,,440,,Sold,,,https://www.redfin.com/WA/Seattle/2626-SW-Nevada-St-98126/home/159590,NWMLS as Distributed by MLS Grid,2042471,N,Y,47.5656446,-122.366654
PAST SALE,,Single Family Residential,5044 37th Ave SW,Seattle,WA,98126,1050000,4,3.0,,1870,4445,1928,,561,,,,,https://www.redfin.com/WA/Seattle/5044-37th-Ave-SW-98126/home/470474,,,N,Y,47.5560886,-122.3785949
PAST SALE,,Townhouse,3430 SW Graham St Unit 7.2,Seattle,WA,98126,632000,2,2.5,,1371,,2018,,461,,,,,https://www.redfin.com/WA/Seattle/3430-SW-Graham-St-98126/unit-7-2/home/168844938,,,N,Y,47.5465316,-122.3754866
PAST SALE,April-28-2023,Townhouse,4311 26th Ave SW,Seattle,WA,98126,619000,2,2.0,Delridge,1194,1330,2023,,518,,Sold,,,https://www.redfin.com/WA/Seattle/4311-26th-Ave-SW-98106/home/185298387,NWMLS as Distributed by MLS Grid,2062958,N,Y,47.5651297,-122.3656796
PAST SALE,January-3-2023,Condo/Co-op,7741 Holden Pl SW,Seattle,WA,98126,785000,3,2.0,Highland Park,1445,,2022,,543,50,Sold,,,https://www.redfin.com/WA/Seattle/7741-Holden-Pl-SW-98126/home/184982011,NWMLS as Distributed by MLS Grid,2053357,N,Y,47.5323354,-122.3720481
PAST SALE,June-14-2023,Single Family Residential,2810 SW Genesee St Unit C,Seattle,WA,98126,959000,3,2.5,West Seattle,1860,1825,2023,,516,,Sold,,,https://www.redfin.com/WA/Seattle/2810-SW-Genesee-St-98126/unit-C/home/185583568,NWMLS as Distributed by MLS Grid,2075309,N,Y,47.5649453,-122.3687613
PAST SALE,December-22-2022,Single Family Residential,4722 37th Ave SW,Seattle,WA,98126,650000,3,1.5,Alaska Junction,2480,6038,1917,,262,,Sold,,,https://www.redfin.com/WA/Seattle/4722-37th-Ave-SW-98126/home/471662,NWMLS as Distributed by MLS Grid,2024063,N,Y,47.5603446,-122.3785293
PAST SALE,June-5-2023,Townhouse,4303 26th Ave SW,Seattle,WA,98126,609000,2,2.0,Delridge,1194,1330,2023,,510,,Sold,,,https://www.redfin.com/WA/Seattle/4303-26th-Ave-SW-98106/home/185418474,NWMLS as Distributed by MLS Grid,2068001,N,Y,47.5652624,-122.3656816
PAST SALE,,Single Family Residential,3126 SW 97th St,Seattle,WA,98126,506000,2,1.0,,670,6600,1942,,755,,,,,https://www.redfin.com/WA/Seattle/3126-SW-97th-St-98126/home/154885,,,N,Y,47.5168355,-122.3732722
PAST SALE,March-23-2023,Single Family Residential,5941 31st Ave SW,Seattle,WA,98126,850000,3,2.5,High Point,2150,4084,2007,,395,108,Sold,,,https://www.redfin.com/WA/Seattle/5941-31st-Ave-SW-98126/home/12302933,NWMLS as Distributed by MLS Grid,2049039,N,Y,47.5488019,-122.3724239
PAST SALE,February-13-2023,Single Family Residential,6303 37th Ave SW,Seattle,WA,98126,650000,2,1.0,Fairmount,780,6738,1943,,833,,Sold,,,https://www.redfin.com/WA/Seattle/6303-37th-Ave-SW-98126/home/471690,NWMLS as Distributed by MLS Grid,2025522,N,Y,47.5464225,-122.3794041
PAST SALE,April-7-2023,Single Family Residential,5237 36th Ave SW,Seattle,WA,98126,825000,2,1.0,Fairmount,1880,6250,1925,,439,,Sold,,,https://www.redfin.com/WA/Seattle/5237-36th-Ave-SW-98126/home/470845,NWMLS as Distributed by MLS Grid,2042149,N,Y,47.5545372,-122.3779536
PAST SALE,January-18-2023,Single Family Residential,8620 31st Ave SW Unit B,Seattle,WA,98126,525000,2,1.0,Westwood,792,2190,2022,,663,2,Sold,,,https://www.redfin.com/WA/Seattle/8620-31st-Ave-SW-98126/unit-B/home/183053326,NWMLS as Distributed by MLS Grid,2019280,N,Y,47.5258045,-122.3722707
PAST SALE,April-13-2023,Condo/Co-op,3022 SW Bradford St #208,Seattle,WA,98126,335000,1,1.0,West Seattle,745,,1992,,450,501,Sold,,,https://www.redfin.com/WA/Seattle/3022-SW-Bradford-St-98126/unit-208/home/16805,NWMLS as Distributed by MLS Grid,2044570,N,Y,47.5693716,-122.371824
PAST SALE,August-4-2023,Single Family Residential,8822 38th Ave SW,Seattle,WA,98126,990000,3,1.5,Fauntleroy,1740,12846,1948,,569,,Sold,,,https://www.redfin.com/WA/Seattle/8822-38th-Ave-SW-98126/home/468977,NWMLS as Distributed by MLS Grid,2129343,N,Y,47.5239363,-122.3803309
PAST SALE,June-2-2023,Single Family Residential,3275 SW Avalon Way,Seattle,WA,98126,888000,3,3.5,Alaska Junction,1962,2110,2009,,453,,Sold,,,https://www.redfin.com/WA/Seattle/3275-SW-Avalon-Way-98126/home/159477,NWMLS as Distributed by MLS Grid,2063415,N,Y,47.563882,-122.3750835
PAST SALE,April-24-2023,Townhouse,2609 SW Nevada St,Seattle,WA,98106,649000,2,2.0,Delridge,1339,1036,2023,,485,,Sold,,,https://www.redfin.com/WA/Seattle/2609-SW-Nevada-St-98126/home/159587,NWMLS as Distributed by MLS Grid,2034334,N,Y,47.5652771,-122.3658528
PAST SALE,December-1-2022,Condo/Co-op,3202 SW Avalon Way #203,Seattle,WA,98126,430000,2,2.0,West Seattle,883,7607,1998,,487,523,Sold,,,https://www.redfin.com/WA/Seattle/3202-SW-Avalon-Way-98126/unit-203/home/2071173,NWMLS as Distributed by MLS Grid,2014824,N,Y,47.564599,-122.3730498
PAST SALE,March-17-2023,Single Family Residential,7129 30th Ave SW,Seattle,WA,98126,610000,2,1.0,West Seattle,700,5140,1928,,871,,Sold,,,https://www.redfin.com/WA/Seattle/7129-30th-Ave-SW-98126/home/472613,NWMLS as Distributed by MLS Grid,2035682,N,Y,47.5382713,-122.3715277
PAST SALE,February-23-2023,Condo/Co-op,3004 SW Cloverdale St,Seattle,WA,98126,599000,2,2.5,Westwood,1116,1748,2023,,537,50,Sold,,,https://www.redfin.com/WA/Seattle/3004-SW-Cloverdale-St-98126/home/183872460,NWMLS as Distributed by MLS Grid,2029114,N,Y,47.5266613,-122.3715527
PAST SALE,January-20-2023,Single Family Residential,8620 31st Ave SW Unit A,Seattle,WA,98126,785000,3,2.0,Westwood,1722,5383,1952,,456,2,Sold,,,https://www.redfin.com/WA/Seattle/8620-31st-Ave-SW-98126/unit-A/home/183179738,NWMLS as Distributed by MLS Grid,2019269,N,Y,47.5258045,-122.3722707
PAST SALE,December-2-2022,Townhouse,2834 SW Adams St Unit A,Seattle,WA,98126,725000,3,3.5,West Seattle,1710,1326,2009,,424,,Sold,,,https://www.redfin.com/WA/Seattle/2834-SW-Adams-St-98126/unit-A/home/21883694,NWMLS as Distributed by MLS Grid,2014716,N,Y,47.5663253,-122.3696142
PAST SALE,May-22-2023,Townhouse,6543 B 35th Ave SW,Seattle,WA,98126,739000,2,2.0,Gatewood,1613,727,2023,,458,59,Sold,,,https://www.redfin.com/WA/Seattle/6543-35th-Ave-SW-98126/home/184216655,NWMLS as Distributed by MLS Grid,2037122,N,Y,47.5433815,-122.3768343
PAST SALE,February-9-2023,Single Family Residential,3546 SW Monroe St,Seattle,WA,98126,610000,2,1.0,Gatewood,770,4472,1948,,792,,Sold,,,https://www.redfin.com/WA/Seattle/3546-SW-Monroe-St-98126/home/469508,NWMLS as Distributed by MLS Grid,2028949,N,Y,47.5314569,-122.3787814
PAST SALE,February-28-2023,Condo/Co-op,3271 SW Avalon Way #302,Seattle,WA,98126,420000,2,2.0,West Seattle,887,,1991,,474,576,Sold,,,https://www.redfin.com/WA/Seattle/3271-SW-Avalon-Way-98126/unit-302/home/32936,NWMLS as Distributed by MLS Grid,2026107,N,Y,47.5638052,-122.3748188
PAST SALE,October-10-2023,Single Family Residential,3503 SW Juneau St,Seattle,WA,98126,615000,2,1.0,Fairmount,1620,5989,1943,,380,,Sold,,,https://www.redfin.com/WA/Seattle/3503-SW-Juneau-St-98126/home/471498,NWMLS as Distributed by MLS Grid,2150276,N,Y,47.549975,-122.3767212
PAST SALE,September-8-2023,Townhouse,9432 35th Ave SW Unit B,Seattle,WA,98126,500000,2,2.5,Arbor Heights,1100,1251,2006,,455,,Sold,,,https://www.redfin.com/WA/Seattle/9432-35th-Ave-SW-98126/unit-B/home/12303908,NWMLS as Distributed by MLS Grid,2148236,N,Y,47.5183682,-122.3765743
PAST SALE,August-21-2023,Condo/Co-op,3271 SW Avalon Way #101,Seattle,WA,98126,325000,1,1.0,Alaska Junction,576,,1991,,564,367,Sold,,,https://www.redfin.com/WA/Seattle/3271-SW-Avalon-Way-98126/unit-101/home/18855,NWMLS as Distributed by MLS Grid,2141111,N,Y,47.5638052,-122.3748188
PAST SALE,April-19-2023,Single Family Residential,9903 34th Ave SW,Seattle,WA,98126,595000,2,1.0,Arbor Heights,810,6300,1942,,735,,Sold,,,https://www.redfin.com/WA/Seattle/9903-34th-Ave-SW-98126/home/155108,NWMLS as Distributed by MLS Grid,2048113,N,Y,47.5145206,-122.37573
PAST SALE,June-5-2023,Condo/Co-op,3015 SW Avalon Way #407,Seattle,WA,98126,320000,1,1.0,West Seattle,555,,2002,,577,394,Sold,,,https://www.redfin.com/WA/Seattle/3015-SW-Avalon-Way-98126/unit-407/home/42468,NWMLS as Distributed by MLS Grid,2061814,N,Y,47.5664119,-122.3711697
PAST SALE,June-30-2023,Single Family Residential,8131 31st Ave SW,Seattle,WA,98126,647000,3,1.0,Westwood,980,5211,1941,,660,,Sold,,,https://www.redfin.com/WA/Seattle/8131-31st-Ave-SW-98126/home/472363,NWMLS as Distributed by MLS Grid,2065539,N,Y,47.5291959,-122.3728817
PAST SALE,May-26-2023,Condo/Co-op,2349 Harbor Ave SW #105,Seattle,WA,98126,900000,3,2.0,Alki,1453,,1990,,619,788,Sold,,,https://www.redfin.com/WA/Seattle/2349-Harbor-Ave-SW-98126/unit-105/home/8517,NWMLS as Distributed by MLS Grid,2063059,N,Y,47.5809621,-122.3744204
PAST SALE,May-1-2023,Condo/Co-op,3022 SW Bradford St #309,Seattle,WA,98126,300000,0,1.0,West Seattle,485,15732,1992,,619,379,Sold,,,https://www.redfin.com/WA/Seattle/3022-SW-Bradford-St-98126/unit-309/home/11751,NWMLS as Distributed by MLS Grid,2042168,N,Y,47.5693716,-122.371824
PAST SALE,May-1-2023,Condo/Co-op,2960 SW Raymond St #101,Seattle,WA,98126,530000,2,2.0,High Point,1171,173136,2007,,453,564,Sold,,,https://www.redfin.com/WA/Seattle/2960-SW-Raymond-St-98126/unit-101/home/17080335,NWMLS as Distributed by MLS Grid,2048621,N,Y,47.548645,-122.3694526
PAST SALE,April-21-2023,Townhouse,3000 SW Graham St,Seattle,WA,98126,700000,2,2.5,High Point,1770,1853,2007,,395,291,Sold,,,https://www.redfin.com/WA/Seattle/3000-SW-Graham-St-98126/home/12302976,NWMLS as Distributed by MLS Grid,2049006,N,Y,47.5471493,-122.3711421
PAST SALE,March-9-2023,Single Family Residential,7121 31st Ave SW,Seattle,WA,98126,745000,2,2.0,High Point,1270,5040,1926,,587,,Sold,,,https://www.redfin.com/WA/Seattle/7121-31st-Ave-SW-98126/home/473107,NWMLS as Distributed by MLS Grid,2034763,N,Y,47.5385022,-122.3728957
PAST SALE,,Condo/Co-op,3318 30th Ave SW Unit B301,Seattle,WA,98126,380000,2,2.0,,871,,2000,,436,,,,,https://www.redfin.com/WA/Seattle/3318-30th-Ave-SW-98126/unit-B301/home/71761,,,N,Y,47.573079,-122.3712031
PAST SALE,April-6-2023,Single Family Residential,3201 38th Ave SW,Seattle,WA,98126,930000,3,2.5,Admiral,1830,2500,1987,,508,,Sold,,,https://www.redfin.com/WA/Seattle/3201-38th-Ave-SW-98126/home/329234,NWMLS as Distributed by MLS Grid,2041023,N,Y,47.5754746,-122.380651
PAST SALE,April-21-2023,Condo/Co-op,3271 SW Avalon Way #401,Seattle,WA,98126,326000,1,1.0,Alaska Junction,585,,1991,,557,408,Sold,,,https://www.redfin.com/WA/Seattle/3271-SW-Avalon-Way-98126/unit-401/home/32939,NWMLS as Distributed by MLS Grid,2048515,N,Y,47.5638052,-122.3748188
PAST SALE,February-22-2023,Single Family Residential,9735 31st Ave SW,Seattle,WA,98126,587500,2,1.0,Arbor Heights,670,6936,1942,,877,,Sold,,,https://www.redfin.com/WA/Seattle/9735-31st-Ave-SW-98126/home/155870,NWMLS as Distributed by MLS Grid,2028853,N,Y,47.5156551,-122.3723064
PAST SALE,May-2-2023,Single Family Residential,3311 SW Hinds St,Seattle,WA,98126,1220000,2,3.0,Belvidere,2480,5000,1986,,492,,Sold,,,https://www.redfin.com/WA/Seattle/3311-SW-Hinds-St-98126/home/329095,NWMLS as Distributed by MLS Grid,2047692,N,Y,47.5726397,-122.3746872
PAST SALE,December-6-2022,Single Family Residential,5236 37th Ave SW,Seattle,WA,98126,980000,3,2.0,Fairmount,1920,6250,1955,,510,,Sold,,,https://www.redfin.com/WA/Seattle/5236-37th-Ave-SW-98126/home/471757,NWMLS as Distributed by MLS Grid,2011425,N,Y,47.5545228,-122.3786764
PAST SALE,March-17-2023,Townhouse,3303 31st Ave SW Unit B,Seattle,WA,98126,546000,2,1.0,Admiral,800,2534,2022,,683,,Sold,,,https://www.redfin.com/WA/Seattle/3303-31st-Ave-SW-98126/unit-B/home/184227253,NWMLS as Distributed by MLS Grid,2033340,N,Y,47.5736055,-122.3724348
PAST SALE,March-14-2023,Townhouse,6528 34th Ave SW,Seattle,WA,98126,585000,3,2.0,West Seattle,1240,1600,1999,,472,,Sold,,,https://www.redfin.com/WA/Seattle/6528-34th-Ave-SW-98126/home/473268,NWMLS as Distributed by MLS Grid,2029900,N,Y,47.543701,-122.374668
PAST SALE,March-14-2023,Condo/Co-op,3015 SW Avalon Way #204,Seattle,WA,98126,315000,1,1.0,West Seattle,601,,2002,,524,426,Sold,,,https://www.redfin.com/WA/Seattle/3015-SW-Avalon-Way-98126/unit-204/home/57537,NWMLS as Distributed by MLS Grid,2035338,N,Y,47.5664119,-122.3711697
PAST SALE,November-21-2022,Single Family Residential,7332 29th Ave SW,Seattle,WA,98126,765000,3,2.0,West Seattle,1648,6250,1945,,464,,Sold,,,https://www.redfin.com/WA/Seattle/7332-29th-Ave-SW-98126/home/472924,NWMLS as Distributed by MLS Grid,2009026,N,Y,47.5363764,-122.3695047
PAST SALE,May-16-2023,Single Family Residential,6444 High Point Dr SW,Seattle,WA,98126,749900,3,2.5,High Point,1580,2407,2013,,475,170,Sold,,,https://www.redfin.com/WA/Seattle/6444-High-Point-Dr-SW-98126/home/18661805,NWMLS as Distributed by MLS Grid,2052215,N,Y,47.5454795,-122.368195
PAST SALE,August-4-2023,Single Family Residential,5446 31st Ave SW,Seattle,WA,98126,715000,3,2.0,West Seattle,1360,5750,1981,,526,,Sold,,,https://www.redfin.com/WA/Seattle/5446-31st-Ave-SW-98126/home/159692,NWMLS as Distributed by MLS Grid,2130833,N,Y,47.5523591,-122.3718461
PAST SALE,December-16-2022,Single Family Residential,2637 SW Nevada St,Seattle,WA,98126,699950,3,3.5,Delridge,1540,2322,2006,,455,,Sold,,,https://www.redfin.com/WA/Seattle/2637-SW-Nevada-St-98126/home/12317836,NWMLS as Distributed by MLS Grid,2015825,N,Y,47.5652632,-122.3671506
PAST SALE,October-31-2023,Single Family Residential,8148 34th Ave SW,Seattle,WA,98126,687000,3,1.0,Westwood,1480,7125,1930,,464,,Sold,,,https://www.redfin.com/WA/Seattle/8148-34th-Ave-SW-98126/home/472830,NWMLS as Distributed by MLS Grid,2171270,N,Y,47.5286265,-122.3749896
PAST SALE,February-17-2023,Single Family Residential,7339 29th Ave SW,Seattle,WA,98126,879000,3,2.0,West Seattle,1515,6500,1945,,580,,Sold,,,https://www.redfin.com/WA/Seattle/7339-29th-Ave-SW-98126/home/472518,NWMLS as Distributed by MLS Grid,2030579,N,Y,47.5362436,-122.3700948
PAST SALE,May-15-2023,Condo/Co-op,3256 SW Avalon Way #103,Seattle,WA,98126,450000,2,2.0,Alaska Junction,932,,1987,,483,471,Sold,,,https://www.redfin.com/WA/Seattle/3256-SW-Avalon-Way-98126/unit-103/home/42928,NWMLS as Distributed by MLS Grid,2055406,N,Y,47.5642715,-122.3749678
PAST SALE,December-9-2022,Single Family Residential,3415 33rd Ave SW,Seattle,WA,98126,1080000,3,2.5,Belvidere,2450,5000,1996,,441,,Sold,,,https://www.redfin.com/WA/Seattle/3415-33rd-Ave-SW-98126/home/327807,NWMLS as Distributed by MLS Grid,2012732,N,Y,47.5724566,-122.374454
PAST SALE,July-12-2023,Single Family Residential,2139 Harbor Ave SW,Seattle,WA,98126,1199000,3,2.5,Alki,1873,1293,2017,,640,,Sold,,,https://www.redfin.com/WA/Seattle/2139-Harbor-Ave-SW-98126/home/150893,NWMLS as Distributed by MLS Grid,2078100,N,Y,47.5845153,-122.3755701
PAST SALE,October-20-2023,Condo/Co-op,1661 Harbor Ave SW #201,Seattle,WA,98126,1225000,2,2.0,Alki,1695,,1998,,723,930,Sold,,,https://www.redfin.com/WA/Seattle/1661-Harbor-Ave-SW-98126/unit-201/home/4854,NWMLS as Distributed by MLS Grid,2157390,N,Y,47.5883911,-122.3804766
PAST SALE,August-3-2023,Single Family Residential,8626 34th Ave SW,Seattle,WA,98126,760000,3,1.0,West Seattle,980,7560,1951,,776,,Sold,,,https://www.redfin.com/WA/Seattle/8626-34th-Ave-SW-98126/home/473788,NWMLS as Distributed by MLS Grid,2132548,N,Y,47.5256682,-122.3749821
PAST SALE,January-11-2023,Townhouse,3117 SW Raymond St,Seattle,WA,98126,660000,3,2.5,High Point,1780,1918,2007,,371,238,Sold,,,https://www.redfin.com/WA/Seattle/3117-SW-Raymond-St-98126/home/12302248,NWMLS as Distributed by MLS Grid,2021512,N,Y,47.5479889,-122.372799
PAST SALE,May-4-2023,Townhouse,2803 SW Dakota St,Seattle,WA,98126,820000,3,3.0,West Seattle,1640,2249,2006,,500,,Sold,,,https://www.redfin.com/WA/Seattle/2803-SW-Dakota-St-98126/home/159232,NWMLS as Distributed by MLS Grid,2055034,N,Y,47.5667418,-122.3685322
PAST SALE,February-7-2023,Single Family Residential,9250 31st Ave SW,Seattle,WA,98126,510000,2,1.0,Westwood Village,860,5000,1951,,593,,Sold,,,https://www.redfin.com/WA/Seattle/9250-31st-Ave-SW-98126/home/472254,NWMLS as Distributed by MLS Grid,2023779,N,Y,47.5196019,-122.372092
PAST SALE,August-24-2023,Townhouse,6544 34th Ave SW,Seattle,WA,98126,799990,3,2.5,High Point,1704,1999,2016,,469,,Sold,,,https://www.redfin.com/WA/Seattle/6544-34th-Ave-SW-98126/home/113179022,NWMLS as Distributed by MLS Grid,2140961,N,Y,47.5432877,-122.3748339
PAST SALE,June-22-2023,Single Family Residential,5400 36th Ave SW,Seattle,WA,98126,715000,2,1.0,Fairmount,1490,4800,1923,,480,,Sold,,,https://www.redfin.com/WA/Seattle/5400-36th-Ave-SW-98126/home/471347,NWMLS as Distributed by MLS Grid,2068624,N,Y,47.5536576,-122.3773525
PAST SALE,August-17-2023,Single Family Residential,3757 SW Ida St,Seattle,WA,98126,706000,2,1.0,Gatewood,820,4080,1941,,861,,Sold,,,https://www.redfin.com/WA/Seattle/3757-SW-Ida-St-98126/home/469163,NWMLS as Distributed by MLS Grid,2141350,N,Y,47.5341015,-122.3817194
PAST SALE,,Condo/Co-op,1727 Harbor Ave SW #401,Seattle,WA,98126,745000,2,2.0,,1380,,1973,,540,,,,,https://www.redfin.com/WA/Seattle/1727-Harbor-Ave-SW-98126/unit-401/home/6513,,,N,Y,47.5870982,-122.3789844
PAST SALE,February-13-2023,Single Family Residential,7145 32nd Ave SW,Seattle,WA,98126,620000,3,1.0,West Seattle,1750,5000,1927,,354,,Sold,,,https://www.redfin.com/WA/Seattle/7145-32nd-Ave-SW-98126/home/473221,NWMLS as Distributed by MLS Grid,2026755,N,Y,47.537861,-122.3742832
PAST SALE,July-20-2023,Townhouse,6338 A 34th Ave SW,Seattle,WA,98126,595000,3,2.5,West Seattle,1580,1540,2007,,377,,Sold,,,https://www.redfin.com/WA/Seattle/6338-34th-Ave-SW-98126/home/185783536,NWMLS as Distributed by MLS Grid,2126354,N,Y,47.5454061,-122.3745719
PAST SALE,March-3-2023,Single Family Residential,5911 37th Ave SW,Seattle,WA,98126,842000,2,2.0,Fairmount,1380,6300,1944,,610,,Sold,,,https://www.redfin.com/WA/Seattle/5911-37th-Ave-SW-98126/home/470695,NWMLS as Distributed by MLS Grid,2033993,N,Y,47.5497533,-122.3794214
PAST SALE,September-12-2023,Single Family Residential,8607 36th Ave SW,Seattle,WA,98126,882000,2,2.0,Gatewood,990,5880,1942,,891,,Sold,,,https://www.redfin.com/WA/Seattle/8607-36th-Ave-SW-98126/home/468656,NWMLS as Distributed by MLS Grid,2148211,N,Y,47.5258243,-122.3781431
PAST SALE,May-1-2023,Townhouse,4309 26th Ave SW,Seattle,WA,98106,599000,2,2.0,Delridge,1149,1390,2023,,521,,Sold,,,https://www.redfin.com/WA/Seattle/4309-26th-Ave-SW-98106/home/184812581,NWMLS as Distributed by MLS Grid,2046864,N,Y,47.5651947,-122.365678
PAST SALE,September-11-2023,Single Family Residential,8824 39th Ave SW,Seattle,WA,98136,1399000,3,2.0,Fauntleroy,2660,7500,1957,,526,,Sold,,,https://www.redfin.com/WA/Seattle/8824-39th-Ave-SW-98136/home/158821,NWMLS as Distributed by MLS Grid,2138140,N,Y,47.5238604,-122.3817894
PAST SALE,October-26-2023,Single Family Residential,7342 28th Ave SW,Seattle,WA,98126,725000,3,1.0,West Seattle,1620,6250,1945,,448,,Sold,,,https://www.redfin.com/WA/Seattle/7342-28th-Ave-SW-98126/home/473241,NWMLS as Distributed by MLS Grid,2146123,N,Y,47.5361086,-122.3682196
PAST SALE,July-31-2023,Single Family Residential,3610 SW Barton St,Seattle,WA,98126,935000,3,2.5,West Seattle,3442,5752,1999,,272,,Sold,,,https://www.redfin.com/WA/Seattle/3610-SW-Barton-St-98126/home/470039,NWMLS as Distributed by MLS Grid,2127777,N,Y,47.521313,-122.3786202
PAST SALE,May-19-2023,Townhouse,2843 SW Adams St Unit A,Seattle,WA,98126,800000,3,3.5,West Seattle,1410,1274,2008,,567,,Sold,,,https://www.redfin.com/WA/Seattle/2843-SW-Adams-St-98126/unit-A/home/22808674,NWMLS as Distributed by MLS Grid,2054499,N,Y,47.5658837,-122.3697933
PAST SALE,June-20-2023,Single Family Residential,8408 35th Ave SW,Seattle,WA,98126,950000,3,2.5,Fauntleroy,2410,7200,1948,,394,,Sold,,,https://www.redfin.com/WA/Seattle/8408-35th-Ave-SW-98126/home/472634,NWMLS as Distributed by MLS Grid,2056733,N,Y,47.5279564,-122.3762657
PAST SALE,October-4-2023,Single Family Residential,3406 Belvidere Ave SW,Seattle,WA,98126,950000,3,2.5,Belvidere,1630,5000,1926,,583,,Sold,,,https://www.redfin.com/WA/Seattle/3406-Belvidere-Ave-SW-98126/home/328607,NWMLS as Distributed by MLS Grid,2158027,N,Y,47.5728368,-122.3789418
PAST SALE,October-30-2023,Single Family Residential,9210 32nd Ave SW,Seattle,WA,98126,505000,2,1.0,West Seattle,1050,6300,1950,,481,,Sold,,,https://www.redfin.com/WA/Seattle/9210-32nd-Ave-SW-98126/home/473208,NWMLS as Distributed by MLS Grid,2165131,N,Y,47.5207057,-122.3737746
PAST SALE,July-12-2023,Single Family Residential,8137 31st Ave SW,Seattle,WA,98126,705000,2,2.0,Westwood,987,6936,1948,,714,,Sold,,,https://www.redfin.com/WA/Seattle/8137-31st-Ave-SW-98126/home/471804,NWMLS as Distributed by MLS Grid,2127337,N,Y,47.5289295,-122.3729129
PAST SALE,May-12-2023,Single Family Residential,3753 SW Austin St,Seattle,WA,98126,873000,3,2.0,Gatewood,1680,4080,1928,,520,,Sold,,,https://www.redfin.com/WA/Seattle/3753-SW-Austin-St-98126/home/469314,NWMLS as Distributed by MLS Grid,2058498,N,Y,47.5348029,-122.3816309
PAST SALE,June-2-2023,Single Family Residential,7344 31st Ave SW,Seattle,WA,98126,675000,2,1.0,Westwood Village,740,5120,1928,,912,,Sold,,,https://www.redfin.com/WA/Seattle/7344-31st-Ave-SW-98126/home/473074,NWMLS as Distributed by MLS Grid,2068747,N,Y,47.5360252,-122.3722425
PAST SALE,July-26-2023,Single Family Residential,2852 SW Nevada St,Seattle,WA,98126,612750,2,2.5,Delridge,1230,1003,2019,,498,,Sold,,,https://www.redfin.com/WA/Seattle/2852-SW-Nevada-St-98126/home/170624438,NWMLS as Distributed by MLS Grid,2133044,N,Y,47.5655748,-122.3704518
PAST SALE,November-28-2022,Condo/Co-op,2970 SW Raymond St #203,Seattle,WA,98126,300000,1,1.0,High Point,533,,2007,,563,335,Sold,,,https://www.redfin.com/WA/Seattle/2970-SW-Raymond-St-98126/unit-203/home/12305809,NWMLS as Distributed by MLS Grid,2004534,N,Y,47.5488891,-122.3697633
PAST SALE,July-12-2023,Single Family Residential,7508 29th Ave SW,Seattle,WA,98126,735000,3,2.0,Westwood,1580,6500,1945,,465,,Sold,,,https://www.redfin.com/WA/Seattle/7508-29th-Ave-SW-98126/home/472797,NWMLS as Distributed by MLS Grid,2074969,N,Y,47.5352253,-122.3695383
PAST SALE,August-4-2023,Single Family Residential,8826 32nd Ave SW,Seattle,WA,98126,615000,2,1.0,West Seattle,890,7740,1924,,691,,Sold,,,https://www.redfin.com/WA/Seattle/8826-32nd-Ave-SW-98126/home/472039,NWMLS as Distributed by MLS Grid,2137457,N,Y,47.523849,-122.3737031
PAST SALE,April-4-2023,Single Family Residential,8627 32nd Ave SW,Seattle,WA,98126,660000,2,1.0,Westwood,770,7560,1948,,857,,Sold,,,https://www.redfin.com/WA/Seattle/8627-32nd-Ave-SW-98126/home/473789,NWMLS as Distributed by MLS Grid,2042848,N,Y,47.5256402,-122.3742245
PAST SALE,June-9-2023,Single Family Residential,3707 SW Juneau St,Seattle,WA,98126,675000,2,1.5,Fairmount,940,3462,1925,,718,25,Sold,,,https://www.redfin.com/WA/Seattle/3707-SW-Juneau-St-98126/home/470983,NWMLS as Distributed by MLS Grid,2072321,N,Y,47.5500568,-122.3792081
PAST SALE,April-28-2023,Townhouse,6970 31st Ave SW,Seattle,WA,98126,715000,3,3.0,High Point,1600,1370,2017,,447,287,Sold,,,https://www.redfin.com/WA/Seattle/6970-31st-Ave-SW-98126/home/18661413,NWMLS as Distributed by MLS Grid,2048439,N,Y,47.5394045,-122.3714088
PAST SALE,August-8-2023,Single Family Residential,5627 31st Ave SW,Seattle,WA,98126,745000,3,2.0,West Seattle,1660,5750,1981,,449,,Sold,,,https://www.redfin.com/WA/Seattle/5627-31st-Ave-SW-98126/home/159213,NWMLS as Distributed by MLS Grid,2140073,N,Y,47.5511538,-122.372683
PAST SALE,September-20-2023,Single Family Residential,3708 35th (quiet end) Ave SW,Seattle,WA,98126,1410000,3,2.5,Belvidere,2880,4000,1926,,490,,Sold,,,https://www.redfin.com/WA/Seattle/3708-35th-Ave-SW-98126/home/328842,NWMLS as Distributed by MLS Grid,2157545,N,Y,47.5708811,-122.3757845
PAST SALE,November-28-2022,Single Family Residential,3112 SW 97th St,Seattle,WA,98126,553500,2,1.0,Arbor Heights,740,7500,1942,,748,,Sold,,,https://www.redfin.com/WA/Seattle/3112-SW-97th-St-98126/home/154883,NWMLS as Distributed by MLS Grid,2009944,N,Y,47.5168358,-122.3728653
PAST SALE,July-17-2023,Single Family Residential,5233 36th Ave SW,Seattle,WA,98126,960000,3,2.0,West Seattle,2530,6500,1927,,379,,Sold,,,https://www.redfin.com/WA/Seattle/5233-36th-Ave-SW-98126/home/470846,NWMLS as Distributed by MLS Grid,2074806,N,Y,47.5546621,-122.3779644
PAST SALE,July-12-2023,Single Family Residential,3003 SW Bataan St,Seattle,WA,98126,830000,3,2.5,High Point,1800,2790,2011,,461,108,Sold,,,https://www.redfin.com/WA/Seattle/3003-SW-Bataan-St-98126/home/18661764,NWMLS as Distributed by MLS Grid,2074565,N,Y,47.5455009,-122.3706738
PAST SALE,October-5-2023,Single Family Residential,7351 30th Ave SW,Seattle,WA,98126,849000,2,1.5,West Seattle,1330,7680,1921,,638,,Sold,,,https://www.redfin.com/WA/Seattle/7351-30th-Ave-SW-98126/home/472204,NWMLS as Distributed by MLS Grid,2154379,N,Y,47.5359313,-122.3714564
PAST SALE,April-14-2023,Townhouse,6592 High Point Dr SW,Seattle,WA,98126,644000,2,2.5,High Point,1380,1180,2014,,467,273,Sold,,,https://www.redfin.com/WA/Seattle/6592-High-Point-Dr-SW-98126/home/18661674,NWMLS as Distributed by MLS Grid,2042637,N,Y,47.5437454,-122.3672495
PAST SALE,October-27-2023,Single Family Residential,6557 30th Pl SW,Seattle,WA,98126,835000,3,3.0,High Point,1850,1845,2019,,451,144,Sold,,,https://www.redfin.com/WA/Seattle/6557-30th-Pl-SW-98126/home/18662004,NWMLS as Distributed by MLS Grid,2163731,N,Y,47.5432881,-122.3718577
PAST SALE,June-23-2023,Single Family Residential,7157 34th Ave SW,Seattle,WA,98126,1176000,2,2.0,West Seattle,2060,4800,1950,,571,,Sold,,,https://www.redfin.com/WA/Seattle/7157-34th-Ave-SW-98126/home/473798,NWMLS as Distributed by MLS Grid,2069893,N,Y,47.537555,-122.3755232
PAST SALE,June-23-2023,Single Family Residential,3815 SW Graham St,Seattle,WA,98126,625000,2,1.0,West Seattle,960,2799,1947,,651,,Sold,,,https://www.redfin.com/WA/Seattle/3815-SW-Graham-St-98126/home/471689,NWMLS as Distributed by MLS Grid,2072184,N,Y,47.5464662,-122.3813309
PAST SALE,June-20-2023,Single Family Residential,3006 SW 97th St,Seattle,WA,98126,620000,2,1.0,West Seattle,740,11145,1942,,838,,Sold,,,https://www.redfin.com/WA/Seattle/3006-SW-97th-St-98126/home/155928,NWMLS as Distributed by MLS Grid,2069552,N,Y,47.5164022,-122.3718693
PAST SALE,June-8-2023,Single Family Residential,3437 38th Ave SW,Seattle,WA,98126,875000,2,1.0,Belvidere,2060,5000,1913,,425,,Sold,,,https://www.redfin.com/WA/Seattle/3437-38th-Ave-SW-98126/home/328940,NWMLS as Distributed by MLS Grid,2063535,N,Y,47.5720359,-122.3806653
PAST SALE,September-22-2023,Townhouse,4103 26th Ave SW Unit B,Seattle,WA,98106,681000,2,2.5,Delridge,1250,1862,2000,,545,,Sold,,,https://www.redfin.com/WA/Seattle/4103-26th-Ave-SW-98106/unit-B/home/159981,NWMLS as Distributed by MLS Grid,2155596,N,Y,47.5667509,-122.365829
PAST SALE,,Condo/Co-op,2629 SW Nevada St #105,Seattle,WA,98126,525000,2,2.0,,1091,,1993,,481,,,,,https://www.redfin.com/WA/Seattle/2629-SW-Nevada-St-98126/unit-105/home/10153,,,N,Y,47.5650358,-122.366787
PAST SALE,March-1-2023,Condo/Co-op,3450 SW Graham St #1105,Seattle,WA,98126,689000,3,3.5,High Point,1679,,2018,,410,462,Sold,,,https://www.redfin.com/WA/Seattle/3450-SW-Graham-St-98126/unit-1105/home/175919964,NWMLS as Distributed by MLS Grid,2032265,N,Y,47.5468134,-122.37528
PAST SALE,August-31-2023,Condo/Co-op,3221 SW Avalon Way #107,Seattle,WA,98126,349975,1,1.0,West Seattle,625,,1997,,560,453,Sold,,,https://www.redfin.com/WA/Seattle/3221-SW-Avalon-Way-98126/unit-107/home/56896,NWMLS as Distributed by MLS Grid,2145421,N,Y,47.5640026,-122.3728564
PAST SALE,November-7-2022,Condo/Co-op,3221 SW Avalon Way #408,Seattle,WA,98126,365000,1,1.0,West Seattle,720,,1997,,507,494,Sold,,,https://www.redfin.com/WA/Seattle/3221-SW-Avalon-Way-98126/unit-408/home/60268,NWMLS as Distributed by MLS Grid,2002605,N,Y,47.5640026,-122.3728564
PAST SALE,June-22-2023,Single Family Residential,2819 SW Adams St,Seattle,WA,98126,545000,1,1.0,Delridge,930,5100,1918,,586,,Sold,,,https://www.redfin.com/WA/Seattle/2819-SW-Adams-St-98126/home/159101,NWMLS as Distributed by MLS Grid,2066162,N,Y,47.5659654,-122.3690264
PAST SALE,October-5-2023,Single Family Residential,7932 35th Ave SW,Seattle,WA,98126,665200,2,1.0,Westwood,830,6000,1940,,801,,Sold,,,https://www.redfin.com/WA/Seattle/7932-35th-Ave-SW-98126/home/472595,NWMLS as Distributed by MLS Grid,2158004,N,Y,47.5309419,-122.3762892
PAST SALE,October-11-2023,Single Family Residential,7955 28th Ave SW,Seattle,WA,98126,990000,3,2.5,West Seattle,1500,7500,2023,,660,,Sold,,,https://www.redfin.com/WA/Seattle/7955-28th-Ave-SW-98126/home/472840,NWMLS as Distributed by MLS Grid,2161049,N,Y,47.530261,-122.3688312
PAST SALE,March-6-2023,Single Family Residential,7924 35th Ave SW,Seattle,WA,98126,675000,2,1.0,West Seattle,1140,7200,1941,,592,,Sold,,,https://www.redfin.com/WA/Seattle/7924-35th-Ave-SW-98126/home/473011,NWMLS as Distributed by MLS Grid,2030184,N,Y,47.5312117,-122.3762809
PAST SALE,May-15-2023,Single Family Residential,3702 SW Trenton St,Seattle,WA,98126,850000,2,2.0,Fauntleroy,2250,4881,1943,,378,,Sold,,,https://www.redfin.com/WA/Seattle/3702-SW-Trenton-St-98126/home/469612,NWMLS as Distributed by MLS Grid,2065186,N,Y,47.5249051,-122.3795647
PAST SALE,November-15-2022,Single Family Residential,3529 SW Kenyon St,Seattle,WA,98126,550000,2,1.0,Gatewood,880,4264,1949,,625,,Sold,,,https://www.redfin.com/WA/Seattle/3529-SW-Kenyon-St-98126/home/470240,NWMLS as Distributed by MLS Grid,2004943,N,Y,47.531761,-122.3780684
PAST SALE,April-20-2023,Single Family Residential,3525 SW Webster St,Seattle,WA,98126,545000,2,1.0,Gatewood,1090,4400,1942,,500,,Sold,,,https://www.redfin.com/WA/Seattle/3525-SW-Webster-St-98126/home/470025,NWMLS as Distributed by MLS Grid,2045045,N,Y,47.5353875,-122.3778168
PAST SALE,July-31-2023,Condo/Co-op,6055 35th Ave SW #208,Seattle,WA,98126,339950,1,1.0,Fairmount,667,,1979,,510,467,Sold,,,https://www.redfin.com/WA/Seattle/6055-35th-Ave-SW-98126/unit-208/home/25965,NWMLS as Distributed by MLS Grid,2131183,N,Y,47.5467819,-122.3767238
PAST SALE,July-6-2023,Single Family Residential,8441 36th Ave SW,Seattle,WA,98126,590000,2,1.0,Fauntleroy,1050,4600,1942,,562,,Sold,,,https://www.redfin.com/WA/Seattle/8441-36th-Ave-SW-98126/home/468650,NWMLS as Distributed by MLS Grid,2075811,N,Y,47.5270843,-122.3786548
PAST SALE,October-3-2023,Single Family Residential,3715 SW Monroe St,Seattle,WA,98126,769000,3,1.0,Gatewood,1080,8987,1954,,712,,Sold,,,https://www.redfin.com/WA/Seattle/3715-SW-Monroe-St-98126/home/470286,NWMLS as Distributed by MLS Grid,2158165,N,Y,47.5310865,-122.3800285
PAST SALE,August-16-2023,Single Family Residential,3515 SW Southern St,Seattle,WA,98126,650000,2,1.0,Gatewood,790,4110,1950,,823,,Sold,,,https://www.redfin.com/WA/Seattle/3515-SW-Southern-St-98126/home/469539,NWMLS as Distributed by MLS Grid,2140300,N,Y,47.5295593,-122.3774176
PAST SALE,February-8-2023,Condo/Co-op,3221 SW Avalon Way #304,Seattle,WA,98126,479900,2,2.0,West Seattle,1025,37126,1997,,468,742,Sold,,,https://www.redfin.com/WA/Seattle/3221-SW-Avalon-Way-98126/unit-304/home/23038,NWMLS as Distributed by MLS Grid,2023404,N,Y,47.5640026,-122.3728564
PAST SALE,May-31-2023,Single Family Residential,5051 36th Ave SW,Seattle,WA,98126,658888,3,1.0,West Seattle,2500,5000,1927,,264,,Sold,,,https://www.redfin.com/WA/Seattle/5051-36th-Ave-SW-98126/home/471280,NWMLS as Distributed by MLS Grid,2050826,N,Y,47.5558669,-122.3779421
PAST SALE,April-20-2023,Single Family Residential,6546 37th Ave SW,Seattle,WA,98126,815000,2,1.0,Gatewood,1060,6222,1950,,769,,Sold,,,https://www.redfin.com/WA/Seattle/6546-37th-Ave-SW-98126/home/469233,NWMLS as Distributed by MLS Grid,2044269,N,Y,47.5433364,-122.3788832
PAST SALE,April-3-2023,Single Family Residential,2716 Belvidere Ave SW,Seattle,WA,98126,1125000,3,2.0,Belvidere,1800,5000,1924,,625,,Sold,,,https://www.redfin.com/WA/Seattle/2716-Belvidere-Ave-SW-98126/home/328407,NWMLS as Distributed by MLS Grid,2040980,N,Y,47.5787017,-122.3789022
PAST SALE,September-22-2023,Single Family Residential,3003 SW Webster St,Seattle,WA,98126,585000,2,1.0,Westwood,670,4270,1941,,873,,Sold,,,https://www.redfin.com/WA/Seattle/3003-SW-Webster-St-98126/home/472615,NWMLS as Distributed by MLS Grid,2136996,N,Y,47.535363,-122.3715294
PAST SALE,July-24-2023,Single Family Residential,3728 SW Ida St,Seattle,WA,98126,889000,3,2.0,Gatewood,1480,4080,1910,,601,,Sold,,,https://www.redfin.com/WA/Seattle/3728-SW-Ida-St-98126/home/469718,NWMLS as Distributed by MLS Grid,2129110,N,Y,47.5344318,-122.3806398
PAST SALE,June-8-2023,Single Family Residential,8218 37th Ave SW,Seattle,WA,98126,852000,3,2.0,Gatewood,1660,5418,1951,,513,,Sold,,,https://www.redfin.com/WA/Seattle/8218-37th-Ave-SW-98126/home/470427,NWMLS as Distributed by MLS Grid,2058559,N,Y,47.5292447,-122.3790909
PAST SALE,April-19-2023,Single Family Residential,3805 34th Ave SW,Seattle,WA,98126,949900,3,2.0,Belvidere,1560,4007,1944,,609,,Sold,,,https://www.redfin.com/WA/Seattle/3805-34th-Ave-SW-98126/home/328819,NWMLS as Distributed by MLS Grid,2045255,N,Y,47.5698567,-122.3753698
PAST SALE,June-16-2023,Single Family Residential,9247 31st Pl SW,Seattle,WA,98126,590000,3,1.0,Westwood,1130,6000,1951,,522,,Sold,,,https://www.redfin.com/WA/Seattle/9247-31st-Pl-SW-98126/home/473699,NWMLS as Distributed by MLS Grid,2066810,N,Y,47.52019,-122.373153
PAST SALE,April-28-2023,Single Family Residential,3518 SW 99th St,Seattle,WA,98126,410000,2,1.0,Arbor Heights,720,5320,1931,,569,,Sold,,,https://www.redfin.com/WA/Seattle/3518-SW-99th-St-98126/home/155293,NWMLS as Distributed by MLS Grid,2049053,N,Y,47.5148469,-122.3774039
PAST SALE,January-20-2023,Single Family Residential,3049 36th Ave SW,Seattle,WA,98126,710000,3,2.0,Belvidere,2120,3680,1948,,335,,Sold,,,https://www.redfin.com/WA/Seattle/3049-36th-Ave-SW-98126/home/327665,NWMLS as Distributed by MLS Grid,2020820,N,Y,47.5759511,-122.3773463
PAST SALE,June-8-2023,Townhouse,6566 High Point Dr SW,Seattle,WA,98126,759000,3,3.5,High Point,1710,2155,2014,,444,270,Sold,,,https://www.redfin.com/WA/Seattle/6566-High-Point-Dr-SW-98126/home/18662064,NWMLS as Distributed by MLS Grid,2061911,N,Y,47.5434601,-122.3677026
PAST SALE,November-7-2022,Single Family Residential,3752 SW Sullivan St,Seattle,WA,98126,750000,3,2.0,Gatewood,1650,5075,1944,,455,,Sold,,,https://www.redfin.com/WA/Seattle/3752-SW-Sullivan-St-98126/home/469270,NWMLS as Distributed by MLS Grid,2001846,N,Y,47.5278668,-122.3815583
PAST SALE,July-28-2023,Single Family Residential,4828 38th Ave SW,Seattle,WA,98126,948000,3,1.0,Fairmount,1920,5405,1947,,494,,Sold,,,https://www.redfin.com/WA/Seattle/4828-38th-Ave-SW-98126/home/470859,NWMLS as Distributed by MLS Grid,2131768,N,Y,47.5583809,-122.379735
PAST SALE,August-29-2023,Single Family Residential,3509 SW Trenton St,Seattle,WA,98126,570000,3,1.0,Fauntleroy,1580,4806,1950,,361,,Sold,,,https://www.redfin.com/WA/Seattle/3509-SW-Trenton-St-98126/home/469164,NWMLS as Distributed by MLS Grid,2141392,N,Y,47.5244821,-122.3772489
PAST SALE,June-30-2023,Single Family Residential,5942 31st Ave SW,Seattle,WA,98126,700000,2,2.5,High Point,1500,1875,2007,,467,129,Sold,,,https://www.redfin.com/WA/Seattle/5942-31st-Ave-SW-98126/home/12302956,NWMLS as Distributed by MLS Grid,2064646,N,Y,47.5488413,-122.3719807
PAST SALE,October-24-2023,Single Family Residential,9913 32nd Ave SW,Seattle,WA,98126,638000,2,1.0,Arbor Heights,850,6300,1942,,751,,Sold,,,https://www.redfin.com/WA/Seattle/9913-32nd-Ave-SW-98126/home/156052,NWMLS as Distributed by MLS Grid,2163851,N,Y,47.5141989,-122.3734327
PAST SALE,August-21-2023,Condo/Co-op,3015 SW Avalon Way #209,Seattle,WA,98126,294000,1,1.0,West Seattle,532,,2002,,553,371,Sold,,,https://www.redfin.com/WA/Seattle/3015-SW-Avalon-Way-98126/unit-209/home/57542,NWMLS as Distributed by MLS Grid,2144593,N,Y,47.5664119,-122.3711697
PAST SALE,May-31-2023,Condo/Co-op,3421 SW Roxbury St #303,Seattle,WA,98126,390000,2,2.0,Arbor Heights,1014,24900,1981,,385,610,Sold,,,https://www.redfin.com/WA/Seattle/3421-SW-Roxbury-St-98126/unit-303/home/25157,NWMLS as Distributed by MLS Grid,2039279,N,Y,47.5171143,-122.3764327
PAST SALE,June-2-2023,Single Family Residential,4107 35th Ave SW,Seattle,WA,98126,694960,3,2.0,Genesee,1540,3750,1930,,451,,Sold,,,https://www.redfin.com/WA/Seattle/4107-35th-Ave-SW-98126/home/327907,NWMLS as Distributed by MLS Grid,2051143,N,Y,47.566212,-122.3763775
PAST SALE,June-16-2023,Townhouse,4301 26th Ave SW,Seattle,WA,98126,609000,2,2.0,Delridge,1153,1330,2023,,528,,Sold,,,https://www.redfin.com/WA/Seattle/4301-26th-Ave-SW-98106/home/185450703,NWMLS as Distributed by MLS Grid,2068037,N,Y,47.565293,-122.3656797
PAST SALE,November-28-2022,Condo/Co-op,1661 Harbor Ave SW #200,Seattle,WA,98126,1150000,2,2.0,Alki,1695,,1998,,678,851,Sold,,,https://www.redfin.com/WA/Seattle/1661-Harbor-Ave-SW-98126/unit-200/home/4853,NWMLS as Distributed by MLS Grid,2007043,N,Y,47.5883911,-122.3804766
PAST SALE,February-17-2023,Single Family Residential,7526 31st Ave SW,Seattle,WA,98126,750000,3,2.0,Westwood,1391,7380,1928,,539,,Sold,,,https://www.redfin.com/WA/Seattle/7526-31st-Ave-SW-98126/home/472618,NWMLS as Distributed by MLS Grid,2029214,N,Y,47.5348478,-122.3722809
PAST SALE,November-3-2022,Single Family Residential,3717 SW Elmgrove St,Seattle,WA,98126,750000,2,1.0,Gatewood,1240,5038,1942,,605,,Sold,,,https://www.redfin.com/WA/Seattle/3717-SW-Elmgrove-St-98126/home/469653,NWMLS as Distributed by MLS Grid,2000494,N,Y,47.5303532,-122.3801503
PAST SALE,April-7-2023,Single Family Residential,9203 29th Ave SW,Seattle,WA,98126,675000,3,1.0,Westwood,1270,7800,1954,,531,,Sold,,,https://www.redfin.com/WA/Seattle/9203-29th-Ave-SW-98126/home/472725,NWMLS as Distributed by MLS Grid,2045084,N,Y,47.5208556,-122.3703466
PAST SALE,December-6-2022,Townhouse,6506 34th Ave SW Unit A,Seattle,WA,98126,523750,3,2.5,West Seattle,1380,1464,2012,,380,,Sold,,,https://www.redfin.com/WA/Seattle/6506-34th-Ave-SW-98126/unit-A/home/473267,NWMLS as Distributed by MLS Grid,2009240,N,Y,47.5443724,-122.37466
PAST SALE,June-5-2023,Single Family Residential,3848 35th Ave SW,Seattle,WA,98126,1150000,3,2.5,Belvidere,2320,4000,1925,,496,,Sold,,,https://www.redfin.com/WA/Seattle/3848-35th-Ave-SW-98126/home/329098,NWMLS as Distributed by MLS Grid,2066609,N,Y,47.5687984,-122.3758758
PAST SALE,December-14-2022,Single Family Residential,7925 31st Ave SW,Seattle,WA,98126,575000,3,1.0,West Seattle,890,5200,1941,,646,,Sold,,,https://www.redfin.com/WA/Seattle/7925-31st-Ave-SW-98126/home/473186,NWMLS as Distributed by MLS Grid,2014979,N,Y,47.5311188,-122.3728853
PAST SALE,July-13-2023,Condo/Co-op,8136 31st Ave SW,Seattle,WA,98126,585000,2,2.0,Westwood,1039,1409,2023,,563,14,Sold,,,https://www.redfin.com/WA/Seattle/8136-31st-Ave-SW-98126/home/185180665,NWMLS as Distributed by MLS Grid,2101901,N,Y,47.5290156,-122.3722883
PAST SALE,September-20-2023,Single Family Residential,7946 35th Ave SW,Seattle,WA,98126,400000,3,1.0,West Seattle,900,6600,1940,,444,,Sold,,,https://www.redfin.com/WA/Seattle/7946-35th-Ave-SW-98126/home/473497,NWMLS as Distributed by MLS Grid,2144789,N,Y,47.5305673,-122.3762567
PAST SALE,October-5-2023,Single Family Residential,2826 SW Nevada St,Seattle,WA,98126,730000,3,1.0,Delridge,2550,5100,1981,,286,,Sold,,,https://www.redfin.com/WA/Seattle/2826-SW-Nevada-St-98126/home/159246,NWMLS as Distributed by MLS Grid,2154345,N,Y,47.5656591,-122.369285
PAST SALE,September-29-2023,Condo/Co-op,3221 SW Avalon Way #305,Seattle,WA,98126,498000,2,2.0,West Seattle,1025,1025,1997,,486,742,Sold,,,https://www.redfin.com/WA/Seattle/3221-SW-Avalon-Way-98126/unit-305/home/23039,NWMLS as Distributed by MLS Grid,2149937,N,Y,47.5640026,-122.3728564
PAST SALE,July-20-2023,Townhouse,2629 SW Nevada St #103,Seattle,WA,98126,505000,2,2.0,West Seattle,1093,,1993,,462,400,Sold,,,https://www.redfin.com/WA/Seattle/2629-SW-Nevada-St-98126/unit-103/home/63247,NWMLS as Distributed by MLS Grid,2125450,N,Y,47.5650358,-122.366787
PAST SALE,June-15-2023,Single Family Residential,3317 30th Ave SW,Seattle,WA,98126,780000,3,2.0,North Admiral,1620,3400,1916,,481,,Sold,,,https://www.redfin.com/WA/Seattle/3317-30th-Ave-SW-98126/home/150682,NWMLS as Distributed by MLS Grid,2066053,N,Y,47.5731827,-122.3716173
PAST SALE,December-13-2022,Townhouse,6710 36th Ave SW Unit B,Seattle,WA,98126,789500,2,2.0,Gatewood,1120,1168,2022,,705,35,Sold,,,https://www.redfin.com/WA/Seattle/6710-36th-Ave-SW-98126/unit-B/home/182647552,NWMLS as Distributed by MLS Grid,2014035,N,Y,47.5424962,-122.3775689
PAST SALE,August-31-2023,Condo/Co-op,2990 SW Raymond St #304,Seattle,WA,98126,495000,2,2.0,High Point,1039,,2007,,476,615,Sold,,,https://www.redfin.com/WA/Seattle/2990-SW-Raymond-St-98126/unit-304/home/17071720,NWMLS as Distributed by MLS Grid,2144766,N,Y,47.5485831,-122.3710037
PAST SALE,July-18-2023,Single Family Residential,3714 33rd Ave SW,Seattle,WA,98126,1500000,3,3.5,Admiral,3290,7338,1984,,456,,Sold,,,https://www.redfin.com/WA/Seattle/3714-33rd-Ave-SW-98126/home/328373,NWMLS as Distributed by MLS Grid,2126320,N,Y,47.5707906,-122.3740382
PAST SALE,July-14-2023,Condo/Co-op,3711 SW Juneau St,Seattle,WA,98126,685000,2,1.5,Fairmount,1088,2159,2023,,630,21,Sold,,,https://www.redfin.com/WA/Seattle/3711-SW-Juneau-St-98126/home/185769655,NWMLS as Distributed by MLS Grid,2126628,N,Y,47.5501871,-122.3791838
PAST SALE,March-24-2023,Townhouse,3320 SW Graham St #302,Seattle,WA,98126,621000,2,2.5,High Point,1325,,2018,,469,462,Sold,,,https://www.redfin.com/WA/Seattle/3430-SW-Graham-St-98126/unit-3-2/home/170475969,NWMLS as Distributed by MLS Grid,2034721,N,Y,47.5471562,-122.3752638
PAST SALE,June-27-2023,Single Family Residential,5420 36th Ave SW,Seattle,WA,98126,675000,2,2.5,Fairmount,1094,1600,2023,,617,95,Sold,,,https://www.redfin.com/WA/Seattle/5420-36th-Ave-SW-98126/home/185923075,NWMLS as Distributed by MLS Grid,2058387,N,Y,47.5531239,-122.3773273
PAST SALE,August-30-2023,Single Family Residential,7107 30th Ave SW,Seattle,WA,98126,725000,3,1.0,West Seattle,1700,5140,1927,,426,,Sold,,,https://www.redfin.com/WA/Seattle/7107-30th-Ave-SW-98126/home/473647,NWMLS as Distributed by MLS Grid,2133624,N,Y,47.538936,-122.3715219
PAST SALE,June-23-2023,Single Family Residential,7131 29th Ave SW,Seattle,WA,98126,590000,2,1.0,West Seattle,1640,6630,1945,,360,,Sold,,,https://www.redfin.com/WA/Seattle/7131-29th-Ave-SW-98126/home/473912,NWMLS as Distributed by MLS Grid,2066532,N,Y,47.5382506,-122.3701007
PAST SALE,June-20-2023,Townhouse,3104 SW Avalon Way Unit A,Seattle,WA,98126,556500,3,2.0,West Seattle,1063,758,2020,,524,185,Sold,,,https://www.redfin.com/WA/Seattle/3104-SW-Avalon-Way-98126/unit-A/home/159288,NWMLS as Distributed by MLS Grid,2063516,N,Y,47.5653601,-122.3725363
PAST SALE,June-8-2023,Condo/Co-op,9806 28th Ave SW Unit A-202,Seattle,WA,98126,349000,2,2.0,Westwood,834,,1988,,418,224,Sold,,,https://www.redfin.com/WA/Seattle/9806-28th-Ave-SW-98126/unit-A-202/home/12318608,NWMLS as Distributed by MLS Grid,2059657,N,Y,47.5152995,-122.3678155
PAST SALE,December-8-2022,Single Family Residential,9200 36th Ave SW,Seattle,WA,98126,756110,3,2.0,Fauntleroy,2060,5280,1917,,367,,Sold,,,https://www.redfin.com/WA/Seattle/9200-36th-Ave-SW-98126/home/155807,NWMLS as Distributed by MLS Grid,2012749,N,Y,47.5209353,-122.3777358
PAST SALE,October-25-2023,Single Family Residential,3781 SW Grayson St,Seattle,WA,98126,1014982,3,3.0,North Admiral,2820,2500,2004,,360,,Sold,,,https://www.redfin.com/WA/Seattle/3781-SW-Grayson-St-98126/home/8186363,NWMLS as Distributed by MLS Grid,2161180,N,Y,47.5816586,-122.3805169
PAST SALE,April-27-2023,Single Family Residential,7540 30th Ave SW,Seattle,WA,98126,574950,2,1.0,West Seattle,670,5000,1941,,858,,Sold,,,https://www.redfin.com/WA/Seattle/7540-30th-Ave-SW-98126/home/472681,NWMLS as Distributed by MLS Grid,2046097,N,Y,47.5343353,-122.3709249
PAST SALE,September-28-2023,Condo/Co-op,3015 SW Avalon Way #206,Seattle,WA,98126,320000,1,1.0,West Seattle,555,,2002,,577,394,Sold,,,https://www.redfin.com/WA/Seattle/3015-SW-Avalon-Way-98126/unit-206/home/57539,NWMLS as Distributed by MLS Grid,2150011,N,Y,47.5664119,-122.3711697
PAST SALE,January-20-2023,Single Family Residential,7348 30th Ave SW,Seattle,WA,98126,1165000,3,2.5,Gatewood,2540,5873,2013,,459,,Sold,,,https://www.redfin.com/WA/Seattle/7348-30th-Ave-SW-98126/home/471803,NWMLS as Distributed by MLS Grid,2015171,N,Y,47.5359289,-122.3707868
PAST SALE,September-7-2023,Townhouse,6914 31st Ave SW,Seattle,WA,98126,715000,3,3.0,High Point,1610,1258,2017,,444,287,Sold,,,https://www.redfin.com/WA/Seattle/6914-31st-Ave-SW-98126/home/18661539,NWMLS as Distributed by MLS Grid,2146783,N,Y,47.5406653,-122.3715185
PAST SALE,October-5-2023,Condo/Co-op,3421 SW Roxbury St #205,Seattle,WA,98126,359999,2,2.0,Arbor Heights,976,,1981,,369,468,Sold,,,https://www.redfin.com/WA/Seattle/3421-SW-Roxbury-St-98126/unit-205/home/27553,NWMLS as Distributed by MLS Grid,2152069,N,Y,47.5171143,-122.3764327
PAST SALE,November-14-2022,Single Family Residential,3018 SW Andover St,Seattle,WA,98126,974898,3,3.0,West Seattle,2340,6640,1962,,417,,Sold,,,https://www.redfin.com/WA/Seattle/3018-SW-Andover-St-98126/home/159915,NWMLS as Distributed by MLS Grid,2002504,N,Y,47.5680512,-122.371737
PAST SALE,March-15-2023,Townhouse,3270 SW Graham St #502,Seattle,WA,98126,625000,2,2.5,High Point,1377,1961,2018,,454,462,Sold,,,https://www.redfin.com/WA/Seattle/3430-SW-Graham-St-98126/unit-5-2/home/168844949,NWMLS as Distributed by MLS Grid,2030152,N,Y,47.5471562,-122.3752638
PAST SALE,November-15-2022,Condo/Co-op,2924 SW Raymond St #1101,Seattle,WA,98126,512500,2,2.0,High Point,964,,2007,,532,476,Sold,,,https://www.redfin.com/WA/Seattle/2924-SW-Raymond-St-98126/unit-1101/home/182194553,NWMLS as Distributed by MLS Grid,2004006,N,Y,47.5484872,-122.370675
PAST SALE,June-16-2023,Townhouse,6546 34th Ave SW,Seattle,WA,98126,780000,3,2.5,High Point,1740,1274,2016,,448,,Sold,,,https://www.redfin.com/WA/Seattle/6546-34th-Ave-SW-98126/home/113178953,NWMLS as Distributed by MLS Grid,2064151,N,Y,47.5432752,-122.3748786
PAST SALE,July-7-2023,Single Family Residential,7313 29th Ave SW,Seattle,WA,98126,700000,2,1.0,High Point,1620,6500,1945,,432,,Sold,,,https://www.redfin.com/WA/Seattle/7313-29th-Ave-SW-98126/home/473765,NWMLS as Distributed by MLS Grid,2074547,N,Y,47.5369318,-122.370082
PAST SALE,September-5-2023,Single Family Residential,8821 36th Ave SW,Seattle,WA,98126,895000,3,2.0,Fauntleroy,1700,6425,1948,,526,,Sold,,,https://www.redfin.com/WA/Seattle/8821-36th-Ave-SW-98126/home/468800,NWMLS as Distributed by MLS Grid,2138732,N,Y,47.5240139,-122.3783931
PAST SALE,November-22-2022,Townhouse,2831 SW Yancy St Unit A,Seattle,WA,98126,675000,3,3.5,West Seattle,1680,1486,2010,,402,,Sold,,,https://www.redfin.com/WA/Seattle/2831-SW-Yancy-St-98126/unit-A/home/22808655,NWMLS as Distributed by MLS Grid,2002441,N,Y,47.5673327,-122.3694147
PAST SALE,August-24-2023,Townhouse,2900 SW Raymond St,Seattle,WA,98126,512000,2,2.0,High Point,964,,2007,,531,508,Sold,,,https://www.redfin.com/WA/Seattle/2900-SW-Raymond-St-98126/home/17069347,NWMLS as Distributed by MLS Grid,2138403,N,Y,47.5482945,-122.3700129
PAST SALE,June-28-2023,Townhouse,3400 SW Graham St #702,Seattle,WA,98126,632000,2,2.5,High Point,1371,,2018,,461,474,Sold,,,https://www.redfin.com/WA/Seattle/3400-SW-Graham-St-98126/unit-702/home/185950439,NWMLS as Distributed by MLS Grid,2070510,N,Y,47.5475087,-122.3753025
PAST SALE,June-9-2023,Townhouse,4305 26th Ave SW,Seattle,WA,98126,609000,2,2.0,Delridge,1194,1330,2023,,510,,Sold,,,https://www.redfin.com/WA/Seattle/4305-26th-Ave-SW-98106/home/185225752,NWMLS as Distributed by MLS Grid,2057765,N,Y,47.5652226,-122.3656807
PAST SALE,October-12-2023,Single Family Residential,9038 34th Ave SW,Seattle,WA,98126,748500,3,2.5,Westwood Village,1850,7740,1965,,405,,Sold,,,https://www.redfin.com/WA/Seattle/9038-34th-Ave-SW-98126/home/473288,NWMLS as Distributed by MLS Grid,2145574,N,Y,47.5216987,-122.3751312
PAST SALE,November-3-2022,Single Family Residential,7746 32nd Ave SW,Seattle,WA,98126,480000,2,1.0,Westwood,900,6150,1920,,533,,Sold,,,https://www.redfin.com/WA/Seattle/7746-32nd-Ave-SW-98126/home/473708,NWMLS as Distributed by MLS Grid,1996903,N,Y,47.5323456,-122.3735026
PAST SALE,October-25-2023,Townhouse,7057 27th Ave SW,Seattle,WA,98106,605000,2,2.5,West Seattle,1420,1827,2007,,426,247,Sold,,,https://www.redfin.com/WA/Seattle/7057-27th-Ave-SW-98106/home/12090544,NWMLS as Distributed by MLS Grid,2159444,N,Y,47.5393659,-122.3682378
PAST SALE,August-14-2023,Single Family Residential,9236 35th Ave SW,Seattle,WA,98126,685000,3,2.0,Fauntleroy,1880,2651,1929,,364,,Sold,,,https://www.redfin.com/WA/Seattle/9236-35th-Ave-SW-98126/home/473411,NWMLS as Distributed by MLS Grid,2133049,N,Y,47.5199613,-122.3764366
PAST SALE,February-24-2023,Townhouse,2614 C SW Nevada St,Seattle,WA,98126,608000,2,2.0,West Seattle,1255,1213,2018,,484,,Sold,,,https://www.redfin.com/WA/Seattle/2614-SW-Nevada-St-98126/unit-C/home/159591,NWMLS as Distributed by MLS Grid,2025713,N,Y,47.5655567,-122.366148
PAST SALE,April-5-2023,Single Family Residential,7719 31st Ave SW,Seattle,WA,98126,610000,2,1.0,Westwood,750,4920,1942,,813,,Sold,,,https://www.redfin.com/WA/Seattle/7719-31st-Ave-SW-98126/home/473338,NWMLS as Distributed by MLS Grid,2037050,N,Y,47.5331395,-122.3728838
PAST SALE,March-31-2023,Townhouse,3009 SW Cycle Ct,Seattle,WA,98126,469000,1,1.5,High Point,1010,1157,2007,,464,341,Sold,,,https://www.redfin.com/WA/Seattle/3009-SW-Cycle-Ct-98126/home/12302946,NWMLS as Distributed by MLS Grid,2037777,N,Y,47.5492032,-122.3717398
PAST SALE,September-15-2023,Single Family Residential,3702 SW Holden St,Seattle,WA,98126,625000,2,1.0,Gatewood,810,4080,1941,,772,,Sold,,,https://www.redfin.com/WA/Seattle/3702-SW-Holden-St-98126/home/470329,NWMLS as Distributed by MLS Grid,2145269,N,Y,47.5336452,-122.3795086
PAST SALE,November-21-2022,Townhouse,3400 SW Graham St #701,Seattle,WA,98126,689000,3,3.5,High Point,1679,,2018,,410,462,Sold,,,https://www.redfin.com/WA/Seattle/3430-SW-Graham-St-98126/unit-7-1/home/168844937,NWMLS as Distributed by MLS Grid,2003801,N,Y,47.5471562,-122.3752638
PAST SALE,July-10-2023,Townhouse,6424 High Point Dr SW,Seattle,WA,98126,635000,3,2.5,High Point,1380,1380,2013,,460,241,Sold,,,https://www.redfin.com/WA/Seattle/6424-High-Point-Dr-SW-98126/home/185628655,NWMLS as Distributed by MLS Grid,2076389,N,Y,47.5458663,-122.3682178
PAST SALE,March-9-2023,Condo/Co-op,8457 30th Ave SW,Seattle,WA,98126,950000,3,2.5,Westwood,2056,3604,2023,,462,53,Sold,,,https://www.redfin.com/WA/Seattle/8457-30th-Ave-SW-98126/home/473398,NWMLS as Distributed by MLS Grid,2028841,N,Y,47.526679,-122.3715176
PAST SALE,December-8-2022,Single Family Residential,7711 34th Ave SW,Seattle,WA,98126,425000,1,1.0,West Seattle,610,6150,1908,,697,,Sold,,,https://www.redfin.com/WA/Seattle/7711-34th-Ave-SW-98126/home/472180,NWMLS as Distributed by MLS Grid,1970408,N,Y,47.5333127,-122.3755855
PAST SALE,,Condo/Co-op,1639 Harbor Ave SW #403,Seattle,WA,98126,1200000,2,2.0,,1267,,1985,,947,,,,,https://www.redfin.com/WA/Seattle/1639-Harbor-Ave-SW-98126/unit-403/home/6503,,,N,Y,47.5886879,-122.3808476
PAST SALE,June-12-2023,Condo/Co-op,3022 SW Bradford St #103,Seattle,WA,98126,355000,1,1.0,West Seattle,746,15732,1992,,476,462,Sold,,,https://www.redfin.com/WA/Seattle/3022-SW-Bradford-St-98126/unit-103/home/51394,NWMLS as Distributed by MLS Grid,2057188,N,Y,47.5693716,-122.371824
PAST SALE,October-17-2023,Townhouse,3078 SW Avalon Way Unit G,Seattle,WA,98126,545000,2,2.0,West Seattle,1036,490,2020,,526,,Sold,,,https://www.redfin.com/WA/Seattle/3078-SW-Avalon-Way-98126/unit-G/home/174290648,NWMLS as Distributed by MLS Grid,2153631,N,Y,47.5656,-122.3724756
PAST SALE,December-23-2022,Condo/Co-op,3421 SW Roxbury St #403,Seattle,WA,98126,385000,2,2.0,West Seattle,1014,,1981,,380,571,Sold,,,https://www.redfin.com/WA/Seattle/3421-SW-Roxbury-St-98126/unit-403/home/14302,NWMLS as Distributed by MLS Grid,2014964,N,Y,47.5171143,-122.3764327
PAST SALE,April-25-2023,Single Family Residential,6725 36th Ave SW,Seattle,WA,98126,810000,3,3.0,Gatewood,2250,6306,1927,,360,,Sold,,,https://www.redfin.com/WA/Seattle/6725-36th-Ave-SW-98126/home/468997,NWMLS as Distributed by MLS Grid,2042215,N,Y,47.5421296,-122.3782357
PAST SALE,July-3-2023,Condo/Co-op,3318 30th Ave SW Unit B303,Seattle,WA,98126,300000,1,1.0,Alki,680,,2000,,441,493,Sold,,,https://www.redfin.com/WA/Seattle/3318-30th-Ave-SW-98126/unit-B303/home/43422,NWMLS as Distributed by MLS Grid,2066548,N,Y,47.573079,-122.3712031
PAST SALE,May-25-2023,Condo/Co-op,2349 Harbor Ave SW #601,Seattle,WA,98126,779950,3,2.0,Alki,1320,,1990,,591,704,Sold,,,https://www.redfin.com/WA/Seattle/2349-Harbor-Ave-SW-98126/unit-601/home/51873,NWMLS as Distributed by MLS Grid,2052587,N,Y,47.581306,-122.374962
PAST SALE,May-24-2023,Townhouse,4307 26th Ave SW,Seattle,WA,98126,609000,2,2.0,Delridge,1149,1330,2023,,530,,Sold,,,https://www.redfin.com/WA/Seattle/4307-26th-Ave-SW-98106/home/184898503,NWMLS as Distributed by MLS Grid,2034341,N,Y,47.5652013,-122.3656814
PAST SALE,August-16-2023,Condo/Co-op,3256 SW Avalon Way #202,Seattle,WA,98126,299000,1,1.0,West Seattle,688,,1987,,435,340,Sold,,,https://www.redfin.com/WA/Seattle/3256-SW-Avalon-Way-98126/unit-202/home/42931,NWMLS as Distributed by MLS Grid,2131401,N,Y,47.5642715,-122.3749678
PAST SALE,November-4-2022,Condo/Co-op,3221 SW Avalon Way #204,Seattle,WA,98126,470000,2,2.0,West Seattle,1025,,1997,,459,701,Sold,,,https://www.redfin.com/WA/Seattle/3221-SW-Avalon-Way-98126/unit-204/home/2764,NWMLS as Distributed by MLS Grid,1998662,N,Y,47.5640026,-122.3728564
PAST SALE,November-9-2022,Condo/Co-op,1661 Harbor Ave SW #600,Seattle,WA,98126,3400000,3,3.5,Alki,4057,,1998,,838,1975,Sold,,,https://www.redfin.com/WA/Seattle/1661-Harbor-Ave-SW-98126/unit-600/home/29740,NWMLS as Distributed by MLS Grid,1985502,N,Y,47.5883911,-122.3804766
PAST SALE,August-21-2023,Condo/Co-op,3114 SW Webster St,Seattle,WA,98126,450000,1,1.5,Gatewood,699,,2023,,644,106,Sold,,,https://www.redfin.com/WA/Seattle/3114-SW-Webster-St-98126/home/185600896,NWMLS as Distributed by MLS Grid,2076370,N,Y,47.5355475,-122.3732295
PAST SALE,April-14-2023,Single Family Residential,3054 37th Ave SW,Seattle,WA,98126,740000,3,1.0,Belvidere,2990,3588,1926,,247,,Sold,,,https://www.redfin.com/WA/Seattle/3054-37th-Ave-SW-98126/home/328766,NWMLS as Distributed by MLS Grid,2041422,N,Y,47.5758314,-122.3778611
PAST SALE,November-16-2022,Townhouse,2920 SW Raymond St #1103,Seattle,WA,98126,610000,3,2.5,High Point,1681,173136,2007,,363,561,Sold,,,https://www.redfin.com/WA/Seattle/2920-SW-Raymond-St-98126/unit-1103/home/181028792,NWMLS as Distributed by MLS Grid,2001717,N,Y,47.5484021,-122.3706676
PAST SALE,October-30-2023,Single Family Residential,3722 34th Ave SW,Seattle,WA,98126,875000,3,2.0,North Admiral,1800,4000,1964,,486,,Sold,,,https://www.redfin.com/WA/Seattle/3722-34th-Ave-SW-98126/home/327486,NWMLS as Distributed by MLS Grid,2156539,N,Y,47.5705569,-122.3747786
PAST SALE,June-6-2023,Single Family Residential,8627 30th Ave SW,Seattle,WA,98126,475000,2,1.0,Westwood,650,7560,1944,,731,,Sold,,,https://www.redfin.com/WA/Seattle/8627-30th-Ave-SW-98126/home/473691,NWMLS as Distributed by MLS Grid,2055909,N,Y,47.525625,-122.3718355
PAST SALE,April-13-2023,Single Family Residential,3820 35th Ave SW,Seattle,WA,98126,1050000,3,2.0,Belvidere,2390,4000,1927,,439,,Sold,,,https://www.redfin.com/WA/Seattle/3820-35th-Ave-SW-98126/home/328309,NWMLS as Distributed by MLS Grid,2036384,N,Y,47.5695588,-122.375938
PAST SALE,December-9-2022,Single Family Residential,9825 34th Ave SW,Seattle,WA,98126,500000,2,1.0,Arbor Heights,740,6300,1942,,676,,Sold,,,https://www.redfin.com/WA/Seattle/9825-34th-Ave-SW-98126/home/155106,NWMLS as Distributed by MLS Grid,2006076,N,Y,47.5148715,-122.3757695
PAST SALE,November-30-2022,Single Family Residential,3433 37th Ave SW,Seattle,WA,98126,900000,3,2.5,Belvidere,2100,5000,1944,,429,,Sold,,,https://www.redfin.com/WA/Seattle/3433-37th-Ave-SW-98126/home/329249,NWMLS as Distributed by MLS Grid,1994782,N,Y,47.5721567,-122.3785207
PAST SALE,September-27-2023,Single Family Residential,9441 26th Ave SW,Seattle,WA,98106,706000,3,2.0,Westwood,1870,7920,1957,,378,,Sold,,,https://www.redfin.com/WA/Seattle/9441-26th-Ave-SW-98106/home/472059,NWMLS as Distributed by MLS Grid,2126217,N,Y,47.517886,-122.366188
PAST SALE,October-20-2023,Single Family Residential,2722 SW Thistle St,Seattle,WA,98126,615000,2,2.5,Westwood,1000,1515,2023,,615,95,Sold,,,https://www.redfin.com/WA/Seattle/2722-SW-Thistle-St-98106/home/187076236,NWMLS as Distributed by MLS Grid,2154992,N,Y,47.5284511,-122.3675217
PAST SALE,June-22-2023,Single Family Residential,2810 SW Genesee St Unit A,Seattle,WA,98126,959999,3,2.5,West Seattle,1898,1310,2023,,506,,Sold,,,https://www.redfin.com/WA/Seattle/2810-SW-Genesee-St-98126/unit-A/home/185111765,NWMLS as Distributed by MLS Grid,2055750,N,Y,47.5649453,-122.3687613
PAST SALE,July-19-2023,Townhouse,5045 38th Ave SW Unit C,Seattle,WA,98126,764950,3,2.0,Fairmount,1612,1186,2019,,475,,Sold,,,https://www.redfin.com/WA/Seattle/5045-38th-Ave-SW-98126/unit-C/home/174059186,NWMLS as Distributed by MLS Grid,2073147,N,Y,47.5561974,-122.3805162
PAST SALE,January-5-2023,Townhouse,6710 36th Ave SW Unit A,Seattle,WA,98126,1125000,3,2.5,Gatewood,1770,1728,2022,,636,35,Sold,,,https://www.redfin.com/WA/Seattle/6710-36th-Ave-SW-98126/unit-A/home/182647473,NWMLS as Distributed by MLS Grid,2013507,N,Y,47.5424962,-122.3775689
PAST SALE,October-4-2023,Single Family Residential,2748 SW Holden St,Seattle,WA,98126,790000,3,2.5,West Seattle,1790,2342,2018,,441,,Sold,,,https://www.redfin.com/WA/Seattle/2748-SW-Holden-St-98126/home/148714235,NWMLS as Distributed by MLS Grid,2148137,N,Y,47.5349232,-122.3678775
PAST SALE,July-3-2023,Townhouse,2605 SW Nevada St,Seattle,WA,98126,575000,2,1.0,Delridge,1096,1352,2023,,525,,Sold,,,https://www.redfin.com/WA/Seattle/2605-SW-Nevada-St-98126/home/185418521,NWMLS as Distributed by MLS Grid,2067666,N,Y,47.565331,-122.3656803
PAST SALE,August-8-2023,Condo/Co-op,3250 SW Graham St #102,Seattle,WA,98126,635000,2,2.5,West Seattle,1546,113080,2018,,411,474,Sold,,,https://www.redfin.com/WA/Seattle/3250-SW-Graham-St-98126/unit-102/home/186029831,NWMLS as Distributed by MLS Grid,2074301,N,Y,47.5471674,-122.3749762
PAST SALE,January-31-2023,Single Family Residential,9423 36th Ave SW,Seattle,WA,98126,400000,2,2.0,Fauntleroy,1940,6300,1910,,206,,Sold,,,https://www.redfin.com/WA/Seattle/9423-36th-Ave-SW-98126/home/155467,NWMLS as Distributed by MLS Grid,1997784,N,Y,47.518733,-122.3786677
PAST SALE,January-6-2023,Single Family Residential,7745 Holden Pl SW Unit B,Seattle,WA,98126,740000,3,2.0,West Seattle,1445,2985,2022,,512,50,Sold,,,https://www.redfin.com/WA/Seattle/7745-Holden-Pl-SW-98126/unit-B/home/181945335,NWMLS as Distributed by MLS Grid,2000106,N,Y,47.5323111,-122.3720352
PAST SALE,February-14-2023,Single Family Residential,2838 A SW Genesee St,Seattle,WA,98126,880000,3,2.0,West Seattle,2036,1726,2017,,432,,Sold,,,https://www.redfin.com/WA/Seattle/2838A-SW-Genesee-St-98126/home/182621046,NWMLS as Distributed by MLS Grid,2019904,N,Y,47.5650072,-122.3699179
PAST SALE,December-12-2022,Townhouse,2751 Sylvan Heights Dr SW,Seattle,WA,98106,599950,2,2.5,West Seattle,1460,1536,2007,,411,211,Sold,,,https://www.redfin.com/WA/Seattle/2751-SW-Sylvan-Heights-Dr-98106/home/12090465,NWMLS as Distributed by MLS Grid,2004042,N,Y,47.539978,-122.369233
PAST SALE,June-14-2023,Townhouse,2607 SW Nevada St,Seattle,WA,98126,625000,2,2.0,Delridge,1284,1352,2023,,487,,Sold,,,https://www.redfin.com/WA/Seattle/2607-SW-Nevada-St-98126/home/184898509,NWMLS as Distributed by MLS Grid,2049959,N,Y,47.5653033,-122.3657449
PAST SALE,December-2-2022,Condo/Co-op,3501 SW Holden St #201,Seattle,WA,98126,265000,1,1.0,Gatewood,563,,1980,,471,226,Sold,,,https://www.redfin.com/WA/Seattle/3501-SW-Holden-St-98126/unit-201/home/69306,NWMLS as Distributed by MLS Grid,2000906,N,Y,47.532921,-122.3769981
PAST SALE,August-8-2023,Townhouse,2858 SW Nevada St,Seattle,WA,98126,645000,2,2.5,Delridge,1230,853,2019,,524,,Sold,,,https://www.redfin.com/WA/Seattle/2858-SW-Nevada-St-98126/home/170621507,NWMLS as Distributed by MLS Grid,2125374,N,Y,47.5655742,-122.3705973
PAST SALE,September-8-2023,Condo/Co-op,3815 SW Barton St,Seattle,WA,98126,860000,2,1.5,Fauntleroy,1050,2578,2023,,819,59,Sold,,,https://www.redfin.com/WA/Seattle/3815-SW-Barton-St-98126/home/185670962,NWMLS as Distributed by MLS Grid,2078246,N,Y,47.5209132,-122.3815683
PAST SALE,July-31-2023,Single Family Residential,2270 Lotus Ave SW,Seattle,WA,98126,905000,2,1.5,Alki,1400,9450,1931,,646,,Sold,,,https://www.redfin.com/WA/Seattle/2270-Lotus-Ave-SW-98126/home/150561,NWMLS as Distributed by MLS Grid,2125734,N,Y,47.5830379,-122.3750981
PAST SALE,August-30-2023,Condo/Co-op,1639 Harbor Ave SW #205,Seattle,WA,98126,722000,2,2.0,Alki,1110,,1985,,650,663,Sold,,,https://www.redfin.com/WA/Seattle/1639-Harbor-Ave-SW-98126/unit-205/home/48378,NWMLS as Distributed by MLS Grid,2131444,N,Y,47.5886879,-122.3808476
PAST SALE,August-4-2023,Condo/Co-op,8138 31st Ave SW Unit B,Seattle,WA,98126,595700,2,1.5,Westwood,1058,1563,2023,,563,48,Sold,,,https://www.redfin.com/WA/Seattle/8138-31st-Ave-SW-98126/unit-B/home/185539540,NWMLS as Distributed by MLS Grid,2073533,N,Y,47.5289814,-122.3722071
PAST SALE,May-5-2023,Condo/Co-op,2830 SW Raymond St,Seattle,WA,98126,510000,2,2.0,High Point,1275,,2007,,400,625,Sold,,,https://www.redfin.com/WA/Seattle/2830-SW-Raymond-St-98126/home/179781266,NWMLS as Distributed by MLS Grid,2034946,N,Y,47.5481511,-122.3691203
PAST SALE,July-5-2023,Townhouse,5422 36th Ave SW,Seattle,WA,98126,975000,3,2.5,Fairmount,1980,1600,2023,,492,95,Sold,,,https://www.redfin.com/WA/Seattle/5422-36th-Ave-Sw-98126/home/471303,NWMLS as Distributed by MLS Grid,2058327,N,Y,47.5531207,-122.37738
PAST SALE,May-19-2023,Condo/Co-op,3213 Harbor Ave SW #307,Seattle,WA,98126,335000,1,1.0,Alki,650,,2007,,515,516,Sold,,,https://www.redfin.com/WA/Seattle/3213-Harbor-Ave-SW-98126/unit-307/home/17088234,NWMLS as Distributed by MLS Grid,2037758,N,Y,47.5752634,-122.3713265
PAST SALE,August-7-2023,Single Family Residential,3010 SW Roxbury St,Seattle,WA,98126,554999,3,1.0,Highland Park,1518,4685,1951,,366,,Sold,,,https://www.redfin.com/WA/Seattle/3010-SW-Roxbury-St-98126/home/473335,NWMLS as Distributed by MLS Grid,2066423,N,Y,47.5176303,-122.3720072
PAST SALE,December-23-2022,Condo/Co-op,3318 30th Ave SW #401,Seattle,WA,98126,365000,2,2.0,North Admiral,,,2000,,,627,Sold,,,https://www.redfin.com/WA/Seattle/3318-30th-Ave-SW-98126/unit-401/home/42490,NWMLS as Distributed by MLS Grid,1927481,N,Y,47.573079,-122.3712031
PAST SALE,September-7-2023,Single Family Residential,9820 35th Ave SW,Seattle,WA,98126,500000,3,2.0,Arbor Heights,1130,6300,1942,,442,,Sold,,,https://www.redfin.com/WA/Seattle/9820-35th-Ave-SW-98126/home/155617,NWMLS as Distributed by MLS Grid,2074790,N,Y,47.5149794,-122.37624
PAST SALE,December-16-2022,Single Family Residential,8433 35th Ave SW,Seattle,WA,98126,525000,2,1.0,Fauntleroy,1160,6860,1942,,453,,Sold,,,https://www.redfin.com/WA/Seattle/8433-35th-Ave-SW-98126/home/468782,NWMLS as Distributed by MLS Grid,2004387,N,Y,47.5273316,-122.3770256
PAST SALE,December-29-2022,Condo/Co-op,2990 SW Raymond St #102,Seattle,WA,98126,474900,2,2.0,High Point,996,,2007,,477,507,Sold,,,https://www.redfin.com/WA/Seattle/2990-SW-Raymond-St-98126/unit-102/home/12304987,NWMLS as Distributed by MLS Grid,2004219,N,Y,47.5485831,-122.3710037
PAST SALE,September-15-2023,Condo/Co-op,3256 SW Avalon Way #102,Seattle,WA,98126,313470,1,1.0,Alaska Junction,688,,1987,,456,352,Sold,,,https://www.redfin.com/WA/Seattle/3256-SW-Avalon-Way-98126/unit-102/home/42927,NWMLS as Distributed by MLS Grid,2129165,N,Y,47.5642715,-122.3749678
PAST SALE,April-10-2023,Condo/Co-op,3221 SW Avalon Way #501,Seattle,WA,98126,551000,2,2.5,West Seattle,1335,,1997,,413,966,Sold,,,https://www.redfin.com/WA/Seattle/3221-SW-Avalon-Way-98126/unit-501/home/60270,NWMLS as Distributed by MLS Grid,2029914,N,Y,47.5640026,-122.3728564
PAST SALE,February-21-2023,Single Family Residential,5640 36th Ave SW,Seattle,WA,98126,1325000,3,3.5,Fairmount,2810,4720,1949,,472,,Sold,,,https://www.redfin.com/WA/Seattle/5640-36th-Ave-SW-98126/home/470697,NWMLS as Distributed by MLS Grid,2016846,N,Y,47.550808,-122.3774046
PAST SALE,March-20-2023,Single Family Residential,6712 36th Ave SW,Seattle,WA,98126,769000,2,2.5,Gatewood,1105,2433,2022,,696,35,Sold,,,https://www.redfin.com/WA/Seattle/6712-36th-Ave-SW-98126/home/175566709,NWMLS as Distributed by MLS Grid,2021367,N,Y,47.5424173,-122.377569
PAST SALE,May-24-2023,Single Family Residential,9628 35th Ave SW,Seattle,WA,98126,585000,2,1.0,Arbor Heights,670,6960,1942,,873,,Sold,,,https://www.redfin.com/WA/Seattle/9628-35th-Ave-SW-98126/home/154970,NWMLS as Distributed by MLS Grid,2038021,N,Y,47.5166121,-122.3765053
PAST SALE,April-21-2023,Townhouse,3008 SW Bataan St,Seattle,WA,98126,770000,3,3.5,West Seattle,1710,2036,2011,,450,254,Sold,,,https://www.redfin.com/WA/Seattle/3008-SW-Bataan-St-98126/home/18661783,NWMLS as Distributed by MLS Grid,2032363,N,Y,47.5459128,-122.3709866
PAST SALE,January-4-2023,Condo/Co-op,2990 SW Raymond St #301,Seattle,WA,98126,520000,2,2.0,High Point,1275,,2007,,408,593,Sold,,,https://www.redfin.com/WA/Seattle/2990-SW-Raymond-St-98126/unit-301/home/12318447,NWMLS as Distributed by MLS Grid,2007219,N,Y,47.5485831,-122.3710037
PAST SALE,October-11-2023,Townhouse,6543 A 35th Ave SW,Seattle,WA,98126,719000,2,2.0,Gatewood,1568,898,2023,,459,1,Sold,,,https://www.redfin.com/WA/Seattle/6541-35th-Ave-SW-98126/unit-A/home/175667493,NWMLS as Distributed by MLS Grid,2037118,N,Y,47.5434543,-122.3768847
PAST SALE,July-28-2023,Single Family Residential,2810 SW Genesee St Unit B,Seattle,WA,98126,908000,3,2.5,West Seattle,1922,1965,2023,,472,,Sold,,,https://www.redfin.com/WA/Seattle/2810-SW-Genesee-St-98126/unit-B/home/185258810,NWMLS as Distributed by MLS Grid,2061330,N,Y,47.5649453,-122.3687613
PAST SALE,October-3-2023,Single Family Residential,9355 31st Pl SW,Seattle,WA,98126,578000,3,2.0,White Center,950,5000,1951,,608,,Sold,,,https://www.redfin.com/WA/Seattle/9355-31st-Pl-SW-98126/home/473734,NWMLS as Distributed by MLS Grid,2138623,N,Y,47.518284,-122.3737276
PAST SALE,February-8-2023,Townhouse,9442 35th Ave SW Unit C,Seattle,WA,98126,495000,3,2.0,Westwood,1020,1527,2008,,485,,Sold,,,https://www.redfin.com/WA/Seattle/9442-35th-Ave-SW-98126/unit-C/home/18659638,NWMLS as Distributed by MLS Grid,2011987,N,Y,47.5181515,-122.3763274
PAST SALE,November-16-2022,Condo/Co-op,3507 SW Alaska St #24,Seattle,WA,98126,431500,2,2.0,Alaska Junction,1228,,1988,,351,585,Sold,,,https://www.redfin.com/WA/Seattle/3507-SW-Alaska-St-98126/unit-24/home/21012,NWMLS as Distributed by MLS Grid,1982051,N,Y,47.5607665,-122.3765834
PAST SALE,March-9-2023,Townhouse,3003 SW Cycle Ct,Seattle,WA,98126,450000,1,1.5,High Point,1030,1531,2007,,437,344,Sold,,,https://www.redfin.com/WA/Seattle/3003-SW-Cycle-Ct-98126/home/12302944,NWMLS as Distributed by MLS Grid,2017635,N,Y,47.54929,-122.3719729
PAST SALE,March-28-2023,Single Family Residential,6506 36th Ave SW,Seattle,WA,98126,699950,3,2.0,Gatewood,2500,6045,1955,,280,,Sold,,,https://www.redfin.com/WA/Seattle/6506-36th-Ave-SW-98126/home/469230,NWMLS as Distributed by MLS Grid,2020984,N,Y,47.5444115,-122.3775106
PAST SALE,September-11-2023,Townhouse,6537 F 35th Ave SW,Seattle,WA,98126,1000000,3,2.5,Gatewood,1762,1940,2023,,568,1,Sold,,,https://www.redfin.com/WA/Seattle/6537-35th-Ave-SW-98126/unit-F/home/175218741,NWMLS as Distributed by MLS Grid,2037112,N,Y,47.5435959,-122.3768427
PAST SALE,March-31-2023,Single Family Residential,3749 SW Monroe St,Seattle,WA,98126,469000,2,1.0,Gatewood,850,2147,1940,,552,,Sold,,,https://www.redfin.com/WA/Seattle/3749-SW-Monroe-St-98126/home/469396,NWMLS as Distributed by MLS Grid,2012593,N,Y,47.5311594,-122.3814485
PAST SALE,November-7-2022,Townhouse,6562 High Point Dr SW,Seattle,WA,98126,699000,3,3.5,High Point,1710,1728,2014,,409,260,Sold,,,https://www.redfin.com/WA/Seattle/6562-High-Point-Dr-SW-98126/home/18661945,NWMLS as Distributed by MLS Grid,1978399,N,Y,47.5433604,-122.3676715
PAST SALE,July-7-2023,Single Family Residential,5455 30th Ave SW,Seattle,WA,98126,600000,3,2.0,High Point,1750,5750,1906,,343,,Sold,,,https://www.redfin.com/WA/Seattle/5455-30th-Ave-SW-98126/home/159175,NWMLS as Distributed by MLS Grid,2025982,N,Y,47.5521651,-122.3713768
PAST SALE,August-18-2023,Condo/Co-op,1727 Harbor Ave SW Unit N401,Seattle,WA,98126,745000,2,2.0,Alki,1380,,1973,,540,816,Sold,,,https://www.redfin.com/WA/Seattle/1727-Harbor-Ave-SW-98126/unit-N-401/home/146980413,NWMLS as Distributed by MLS Grid,2057931,N,Y,47.5870982,-122.3789844
PAST SALE,,Single Family Residential,3518 SW Elmgrove St,Seattle,WA,98126,940000,3,1.5,,2760,8944,1952,,341,,,,,https://www.redfin.com/WA/Seattle/3518-SW-Elmgrove-St-98126/home/470317,,,N,Y,47.5306802,-122.3776595
PAST SALE,January-17-2023,Condo/Co-op,6055 35th Ave SW #205,Seattle,WA,98126,390000,2,2.0,Fairmount,915,,1979,,426,747,Sold,,,https://www.redfin.com/WA/Seattle/6055-35th-Ave-SW-98126/unit-205/home/36375,NWMLS as Distributed by MLS Grid,2002212,N,Y,47.5467819,-122.3767238
PAST SALE,October-3-2023,Townhouse,5422 36th Ave SW Unit B,Seattle,WA,98126,642500,3,2.0,Fairmount,1119,1600,2023,,574,95,Sold,,,https://www.redfin.com/WA/Seattle/5422-36th-Ave-SW-98126/unit-B/home/185380311,NWMLS as Distributed by MLS Grid,2066301,N,Y,47.5531207,-122.37738
PAST SALE,January-10-2023,Single Family Residential,3837 34th Ave SW,Seattle,WA,98126,950000,3,2.0,Belvidere,1880,4000,1924,,505,,Sold,,,https://www.redfin.com/WA/Seattle/3837-34th-Ave-SW-98126/home/329251,NWMLS as Distributed by MLS Grid,1984218,N,Y,47.5689654,-122.375347
PAST SALE,November-22-2022,Condo/Co-op,3507 SW Alaska St #23,Seattle,WA,98126,430000,2,2.0,West Seattle,1065,,1988,,404,563,Sold,,,https://www.redfin.com/WA/Seattle/3507-SW-Alaska-St-98126/unit-23/home/21011,NWMLS as Distributed by MLS Grid,1946370,N,Y,47.5607665,-122.3765834
PAST SALE,February-24-2023,Single Family Residential,3228 SW Andover St,Seattle,WA,98126,850000,3,2.0,West Seattle,1850,21235,1925,,459,,Sold,,,https://www.redfin.com/WA/Seattle/3228-SW-Andover-St-98126/home/158984,NWMLS as Distributed by MLS Grid,1995363,N,Y,47.5685005,-122.3727536
PAST SALE,March-29-2023,Single Family Residential,3515 SW 98th St,Seattle,WA,98126,475000,1,1.0,Arbor Heights,740,5360,1924,,642,,Sold,,,https://www.redfin.com/WA/Seattle/3515-SW-98th-St-98126/home/155286,NWMLS as Distributed by MLS Grid,2017546,N,Y,47.5154212,-122.3772096
PAST SALE,October-6-2023,Condo/Co-op,1727 Harbor Ave SW Unit N102,Seattle,WA,98126,800000,2,2.0,West Seattle,1220,,1973,,656,734,Sold,,,https://www.redfin.com/WA/Seattle/1727-Harbor-Ave-SW-98126/unit-N102/home/14466,NWMLS as Distributed by MLS Grid,2073064,N,Y,47.5870982,-122.3789844
PAST SALE,March-1-2023,Single Family Residential,7927 27th Ave SW,Seattle,WA,98126,660000,3,2.0,Westwood,1540,6400,1944,,429,,Sold,,,https://www.redfin.com/WA/Seattle/7927-27th-Ave-SW-98126/home/472077,NWMLS as Distributed by MLS Grid,1999769,N,Y,47.5310254,-122.367527
PAST SALE,March-24-2023,Condo/Co-op,3015 SW Avalon Way #302,Seattle,WA,98126,415000,1,1.5,West Seattle,746,,2002,,556,493,Sold,,,https://www.redfin.com/WA/Seattle/3015-SW-Avalon-Way-98126/unit-302/home/11714,NWMLS as Distributed by MLS Grid,2011980,N,Y,47.5664119,-122.3711697
PAST SALE,January-4-2023,Condo/Co-op,3421 SW Roxbury St #407,Seattle,WA,98126,315000,2,2.0,Arbor Heights,976,,1981,,323,520,Sold,,,https://www.redfin.com/WA/Seattle/3421-SW-Roxbury-St-98126/unit-407/home/36556,NWMLS as Distributed by MLS Grid,1980102,N,Y,47.5171143,-122.3764327
PAST SALE,March-28-2023,Condo/Co-op,2325 Harbor Ave SW Unit A3,Seattle,WA,98126,759000,3,2.5,Alki,2025,,1997,,375,500,Sold,,,https://www.redfin.com/WA/Seattle/2325-Harbor-Ave-SW-98126/unit-A3/home/47828,NWMLS as Distributed by MLS Grid,2004065,N,Y,47.5823047,-122.3749803
PAST SALE,April-14-2023,Townhouse,3250 SW Graham St #103,Seattle,WA,98126,614999,2,2.5,High Point,1155,1961,2018,,532,462,Sold,,,https://www.redfin.com/WA/Seattle/3430-SW-Graham-St-98126/unit-1-3/home/168844934,NWMLS as Distributed by MLS Grid,2013043,N,Y,47.5471562,-122.3752638
PAST SALE,,Townhouse,3430 SW Graham St Unit 1.2,Seattle,WA,98126,635000,2,2.5,,1377,,2018,,461,,,,,https://www.redfin.com/WA/Seattle/3430-SW-Graham-St-98126/unit-1-2/home/145922703,,,N,Y,47.5466169,-122.3742473
PAST SALE,December-28-2022,Condo/Co-op,1737 Harbor Ave SW Unit S-401,Seattle,WA,98126,665000,2,2.0,Alki,1380,,1973,,482,761,Sold,,,https://www.redfin.com/WA/Seattle/1737-Harbor-Ave-SW-98126/unit-S-401/home/179846991,NWMLS as Distributed by MLS Grid,1940787,N,Y,47.5870664,-122.3788544
PAST SALE,,Condo/Co-op,2960 SW Raymond St #501,Seattle,WA,98126,530000,2,2.0,,1171,,2007,,453,,,,,https://www.redfin.com/WA/Seattle/2960-SW-Raymond-St-98126/unit-501/home/12305805,,,N,Y,47.548645,-122.3694526
PAST SALE,,Townhouse,6541 35th Ave SW Unit D,Seattle,WA,98126,850000,3,2.5,,1630,825,2019,,521,,,,,https://www.redfin.com/WA/Seattle/6541-35th-Ave-SW-98126/unit-D/home/175667495,,,N,Y,47.5434543,-122.3768847
PAST SALE,,Single Family Residential,6710 36th Ave SW Unit B,Seattle,WA,98126,789500,3,2.5,,1770,5332,2022,,446,,,,,https://www.redfin.com/WA/Seattle/6710-36th-Ave-SW-98126/unit-B/home/22644353,,,N,Y,47.542504,-122.377503
PAST SALE,,Townhouse,6537 35th Ave SW Unit A,Seattle,WA,98126,749000,2,2.0,,1360,721,2019,,551,,,,,https://www.redfin.com/WA/Seattle/6537-35th-Ave-SW-98126/unit-A/home/175218737,,,N,Y,47.5435959,-122.3768427
PAST SALE,,Townhouse,6541 35th Ave SW Unit A,Seattle,WA,98126,739000,2,2.0,,1360,727,2019,,543,,,,,https://www.redfin.com/WA/Seattle/6541-35th-Ave-SW-98126/unit-A/home/468408,,,N,Y,47.5434543,-122.3768847
PAST SALE,,Condo/Co-op,2830 SW Raymond St #404,Seattle,WA,98126,510000,2,2.0,,1275,,2007,,400,,,,,https://www.redfin.com/WA/Seattle/2830-SW-Raymond-St-98126/unit-404/home/12307152,,,N,Y,47.5481511,-122.3691203
PAST SALE,,Condo/Co-op,2800 SW Raymond St #1103,Seattle,WA,98126,610000,3,2.5,,1681,,2007,,363,,,,,https://www.redfin.com/WA/Seattle/2800-SW-Raymond-St-98126/unit-1103/home/12305798,,,N,Y,47.5485133,-122.369903
PAST SALE,,Townhouse,6424 High Point Dr SW #2408,Seattle,WA,98126,635000,3,2.5,,1380,1380,2013,,460,,,,,https://www.redfin.com/WA/Seattle/6424-High-Point-Dr-SW-98126/unit-2408/home/18662236,,,N,Y,47.5458663,-122.3682178
PAST SALE,,Single Family Residential,8656 30th Ave SW,Seattle,WA,98126,632250,3,2.0,,1520,7560,1924,,416,,,,,https://www.redfin.com/WA/Seattle/8656-30th-Ave-SW-98126/home/472396,,,N,Y,47.5248577,-122.3709145
PAST SALE,,Townhouse,2838 SW Genesee St Unit A,Seattle,WA,98126,880000,3,2.0,,1950,1726,2016,,451,,,,,https://www.redfin.com/WA/Seattle/2838-SW-Genesee-St-98126/unit-A/home/159296,,,N,Y,47.5649414,-122.3698607
PAST SALE,,Single Family Residential,7347 32nd Ave SW,Seattle,WA,98126,500000,3,1.0,,1040,5040,1924,,481,,,,,https://www.redfin.com/WA/Seattle/7347-32nd-Ave-SW-98126/home/472775,,,N,Y,47.5360489,-122.3741986
PAST SALE,,Condo/Co-op,2800 SW Raymond St #1207,Seattle,WA,98126,512000,2,2.0,,964,,2007,,531,,,,,https://www.redfin.com/WA/Seattle/2800-SW-Raymond-St-98126/unit-1207/home/12306657,,,N,Y,47.5485133,-122.369903
PAST SALE,,Single Family Residential,4832 35th Ave SW,Seattle,WA,98126,450000,2,1.0,,1000,4290,1919,,450,,,,,https://www.redfin.com/WA/Seattle/4832-35th-Ave-SW-98126/home/159642,,,N,Y,47.5581753,-122.3759155
PAST SALE,,Condo/Co-op,2800 SW Raymond St #406,Seattle,WA,98126,505000,2,2.0,,1039,,2007,,486,,,,,https://www.redfin.com/WA/Seattle/2800-SW-Raymond-St-98126/unit-406/home/22694979,,,N,Y,47.5485133,-122.369903
PAST SALE,,Townhouse,3078 SW Avalon Way,Seattle,WA,98126,545000,2,2.0,,930,494,2020,,586,,,,,https://www.redfin.com/WA/Seattle/3078-SW-Avalon-Way-98126/home/173687730,,,N,Y,47.5655656,-122.3724273
PAST SALE,,Condo/Co-op,3430 SW Graham St Unit 11.5,Seattle,WA,98126,689000,3,3.5,,1679,,,,410,,,,,https://www.redfin.com/WA/Seattle/3430-SW-Graham-St-98126/unit-11-5/home/144652045,,,N,Y,47.5471562,-122.3752638
PAST SALE,,Single Family Residential,8156 30th Ave SW,Seattle,WA,98126,620000,3,1.0,,1890,7920,1918,,328,,,,,https://www.redfin.com/WA/Seattle/8156-30th-Ave-SW-98126/home/473457,,,N,Y,47.528484,-122.3709388
