SALE TYPE,SOLD DATE,PROPERTY TYPE,ADDRESS,CITY,STATE OR PROVINCE,ZIP OR POSTAL CODE,PRICE,BEDS,BATHS,LOCATION,SQUARE FEET,LOT SIZE,YEAR BUILT,DAYS ON MARKET,$/SQUARE FEET,HOA/MONTH,STATUS,NEXT OPEN HOUSE START TIME,NEXT OPEN HOUSE END TIME,URL,SOURCE,MLS#,FAVORITE,INTERESTED,LATITUDE,LONGITUDE,Description
PAST SALE,,Single Family Residential,8021 Wallingford Ave N,Seattle,WA,98103,1300000,4,2.0,,2050,8432.0,1946.0,,634,,,,,https://www.redfin.com/WA/Seattle/8021-Wallingford-Ave-N-98103/home/306807,,,N,Y,47.6874946,-122.3367194,Skipped after 10 retries
PAST SALE,April-20-2023,Single Family Residential,1316 N 77th St,Seattle,WA,98103,1300000,4,3.0,Green Lake,3000,4080.0,1924.0,,433,,Sold,,,https://www.redfin.com/WA/Seattle/1316-N-77th-St-98103/home/306743,NWMLS as Distributed by MLS Grid,2049651.0,N,Y,47.6850065,-122.34096699999999,Skipped after 10 retries
PAST SALE,September-19-2023,Single Family Residential,514 N 74th St,Seattle,WA,98103,1225000,4,2.5,Phinney Ridge,2040,3000.0,1906.0,,600,,Sold,,,https://www.redfin.com/WA/Seattle/514-N-74th-St-98103/home/300744,NWMLS as Distributed by MLS Grid,2153621.0,N,Y,47.6827828,-122.351904,Skipped after 10 retries
PAST SALE,,Single Family Residential,4114 Densmore Ave N,Seattle,WA,98103,1750000,5,1.5,,2330,4560.0,1911.0,,751,,,,,https://www.redfin.com/WA/Seattle/4114-Densmore-Ave-N-98103/home/118274,,,N,Y,47.65728529999999,-122.3371265,Skipped after 10 retries
PAST SALE,November-16-2022,Single Family Residential,9208 Wallingford Ave N,Seattle,WA,98103,940000,4,2.0,Green Lake,2040,6348.0,1962.0,,461,,Sold,,,https://www.redfin.com/WA/Seattle/9208-Wallingford-Ave-N-98103/home/105261,NWMLS as Distributed by MLS Grid,2004369.0,N,Y,47.6963507,-122.3361456,Skipped after 10 retries
PAST SALE,March-24-2023,Condo/Co-op,9241 Woodlawn Ave N,Seattle,WA,98103,1400000,7,3.5,Northgate,2890,6550.0,1970.0,,484,,Sold,,,https://www.redfin.com/WA/Seattle/9241-Woodlawn-Ave-N-98103/home/17382718,NWMLS as Distributed by MLS Grid,2038910.0,N,Y,47.697232,-122.33905700000001,Skipped after 10 retries
PAST SALE,November-17-2022,Single Family Residential,2305 N 65th St,Seattle,WA,98103,1600000,4,3.0,Green Lake,2860,4182.0,1926.0,,559,,Sold,,,https://www.redfin.com/WA/Seattle/2305-N-65th-St-98103/home/306093,NWMLS as Distributed by MLS Grid,1985472.0,N,Y,47.6757866,-122.33050490000001,Skipped after 10 retries
PAST SALE,April-19-2023,Single Family Residential,146 N 84th St,Seattle,WA,98103,1500000,4,4.0,Greenwood,2489,4095.0,2009.0,,603,,Sold,,,https://www.redfin.com/WA/Seattle/146-N-84th-St-98103/home/496037,NWMLS as Distributed by MLS Grid,2026470.0,N,Y,47.690045500000004,-122.3559979,Skipped after 10 retries
PAST SALE,July-14-2023,Townhouse,7900 Green Lake Dr N,Seattle,WA,98103,1140000,4,4.0,Green Lake,1844,900.0,2022.0,,618,,Sold,,,https://www.redfin.com/WA/Seattle/7900-Green-Lake-Dr-N-98103/home/179836825,NWMLS as Distributed by MLS Grid,1949451.0,N,Y,47.685784000000005,-122.3375081,Skipped after 10 retries
PAST SALE,May-10-2023,Townhouse,4124 Densmore Ave N,Seattle,WA,98103,1450000,4,4.0,Wallingford,2052,1957.0,2023.0,,707,,Sold,,,https://www.redfin.com/WA/Seattle/4124-Densmore-Ave-N-98103/home/185099192,NWMLS as Distributed by MLS Grid,2055785.0,N,Y,47.6574326,-122.33725449999999,Skipped after 10 retries
PAST SALE,July-24-2023,Single Family Residential,3535 Densmore Ave N,Seattle,WA,98103,2025000,4,3.5,Wallingford,2698,3200.0,2023.0,,751,80.0,Sold,,,https://www.redfin.com/WA/Seattle/3535-Densmore-Ave-N-98103/home/119261,NWMLS as Distributed by MLS Grid,2074293.0,N,Y,47.6503567,-122.33772979999999,Skipped after 10 retries
PAST SALE,April-18-2023,Single Family Residential,5111 Keystone Pl N,Seattle,WA,98103,2500000,6,3.0,Green Lake,3455,3791.0,2023.0,,724,,Sold,,,https://www.redfin.com/WA/Seattle/5111-Keystone-Pl-N-98103/home/303946,NWMLS as Distributed by MLS Grid,2047487.0,N,Y,47.666171999999996,-122.33165100000001,Skipped after 10 retries
PAST SALE,February-24-2023,Single Family Residential,2217 N 57th St,Seattle,WA,98103,1300000,4,2.0,Green Lake,2257,3850.0,1920.0,,576,,Sold,,,https://www.redfin.com/WA/Seattle/2217-N-57th-St-98103/home/304204,NWMLS as Distributed by MLS Grid,2039652.0,N,Y,47.66990379999999,-122.33149099999999,Skipped after 10 retries
PAST SALE,April-24-2023,Single Family Residential,8220 Interlake Ave N,Seattle,WA,98103,1270000,4,3.0,Green Lake,2260,5020.0,1928.0,,562,,Sold,,,https://www.redfin.com/WA/Seattle/8220-Interlake-Ave-N-98103/home/307510,NWMLS as Distributed by MLS Grid,2046990.0,N,Y,47.689336299999994,-122.34014909999999,Skipped after 10 retries
PAST SALE,September-15-2023,Townhouse,7902 Green Lake Dr N,Seattle,WA,98103,1040000,4,3.0,Green Lake,1844,900.0,2023.0,,564,,Sold,,,https://www.redfin.com/WA/Seattle/7902-Green-Lake-Dr-N-98103/home/187468163,NWMLS as Distributed by MLS Grid,2148718.0,N,Y,47.6865138,-122.3393176,Skipped after 10 retries
PAST SALE,March-2-2023,Single Family Residential,4122 Corliss Ave N,Seattle,WA,98103,2495000,5,2.5,Wallingford,4288,5700.0,1922.0,,582,,Sold,,,https://www.redfin.com/WA/Seattle/4122-Corliss-Ave-N-98103/home/117716,NWMLS as Distributed by MLS Grid,2031629.0,N,Y,47.65741729999999,-122.33113279999999,Skipped after 10 retries
PAST SALE,October-23-2023,Single Family Residential,4018 Woodland Park Ave N,Seattle,WA,98103,749950,4,2.0,Wallingford,1990,4000.0,1909.0,,377,,Sold,,,https://www.redfin.com/WA/Seattle/4018-Woodland-Park-Ave-N-98103/home/119341,NWMLS as Distributed by MLS Grid,2162489.0,N,Y,47.655984100000005,-122.34438090000002,Skipped after 10 retries
PAST SALE,February-24-2023,Single Family Residential,341 N 81st St,Seattle,WA,98103,1090000,4,3.0,Greenwood,2040,3366.0,1924.0,,534,,Sold,,,https://www.redfin.com/WA/Seattle/341-N-81st-St-98103/home/301410,NWMLS as Distributed by MLS Grid,2032093.0,N,Y,47.6874745,-122.35354479999998,Skipped after 10 retries
PAST SALE,November-8-2022,Townhouse,4419 Francis Ave N,Seattle,WA,98103,1150000,4,3.0,Fremont,1900,2256.0,2005.0,,605,,Sold,,,https://www.redfin.com/WA/Seattle/4419-Francis-Ave-N-98103/home/301877,NWMLS as Distributed by MLS Grid,2004515.0,N,Y,47.6608552,-122.3535669,Skipped after 10 retries
PAST SALE,May-25-2023,Single Family Residential,7004 Linden Ave N,Seattle,WA,98103,1159936,4,2.0,Green Lake,2100,5000.0,1920.0,,552,,Sold,,,https://www.redfin.com/WA/Seattle/7004-Linden-Ave-N-98103/home/301706,NWMLS as Distributed by MLS Grid,2053688.0,N,Y,47.67981270000001,-122.3470085,Skipped after 10 retries
PAST SALE,April-10-2023,Condo/Co-op,3540 Densmore Ave N,Seattle,WA,98103,1795000,4,2.5,Wallingford,2482,2664.0,2023.0,,723,54.0,Sold,,,https://www.redfin.com/WA/Seattle/3540-Densmore-Ave-N-98103/home/184612577,NWMLS as Distributed by MLS Grid,2043045.0,N,Y,47.650335399999996,-122.3371971,Skipped after 10 retries
PAST SALE,May-12-2023,Single Family Residential,4327 Wallingford Ave N,Seattle,WA,98103,1200000,4,3.0,Wallingford,1890,4240.0,1925.0,,635,,Sold,,,https://www.redfin.com/WA/Seattle/4327-Wallingford-Ave-N-98103/home/118590,NWMLS as Distributed by MLS Grid,2055478.0,N,Y,47.6599616,-122.3365207,Skipped after 10 retries
PAST SALE,February-22-2023,Single Family Residential,4208 Wallingford Ave N,Seattle,WA,98103,1840000,4,3.5,Wallingford,2420,3990.0,1911.0,,760,,Sold,,,https://www.redfin.com/WA/Seattle/4208-Wallingford-Ave-N-98103/home/118744,NWMLS as Distributed by MLS Grid,2032767.0,N,Y,47.658342700000006,-122.33594690000001,Skipped after 10 retries
PAST SALE,June-12-2023,Single Family Residential,8244 Densmore Ave N,Seattle,WA,98103,2050000,5,5.5,Green Lake,2867,5000.0,2023.0,,715,,Sold,,,https://www.redfin.com/WA/Seattle/8244-Densmore-Ave-N-98103/home/306345,NWMLS as Distributed by MLS Grid,2069305.0,N,Y,47.6899503,-122.337521,Skipped after 10 retries
PAST SALE,January-11-2023,Single Family Residential,9215 Wallingford Ave N,Seattle,WA,98103,1050000,4,3.0,Green Lake,2720,7925.0,1988.0,,386,,Sold,,,https://www.redfin.com/WA/Seattle/9215-Wallingford-Ave-N-98103/home/104863,NWMLS as Distributed by MLS Grid,2021615.0,N,Y,47.696380100000006,-122.3368564,Skipped after 10 retries
PAST SALE,March-2-2023,Single Family Residential,1222 N 46th St,Seattle,WA,98103,951000,4,1.5,Fremont,2510,4300.0,1905.0,,379,,Sold,,,https://www.redfin.com/WA/Seattle/1222-N-46th-St-98103/home/119965,NWMLS as Distributed by MLS Grid,2031269.0,N,Y,47.6623226,-122.3426604,Skipped after 10 retries
PAST SALE,May-12-2023,Single Family Residential,5521 Ashworth Ave N,Seattle,WA,98103,875000,4,1.0,Green Lake,2240,2730.0,1928.0,,391,,Sold,,,https://www.redfin.com/WA/Seattle/5521-Ashworth-Ave-N-98103/home/304108,NWMLS as Distributed by MLS Grid,2055650.0,N,Y,47.6694234,-122.33927150000001,Skipped after 10 retries
PAST SALE,July-26-2023,Single Family Residential,6541 Chapin Pl N,Seattle,WA,98103,2455000,4,3.5,Green Lake,3410,4500.0,2003.0,,720,,Sold,,,https://www.redfin.com/WA/Seattle/6541-Chapin-Pl-N-98103/home/307079,NWMLS as Distributed by MLS Grid,2137224.0,N,Y,47.677122499999996,-122.3303466,Skipped after 10 retries
PAST SALE,April-26-2023,Single Family Residential,5530 Ashworth Ave N,Seattle,WA,98103,2400000,5,3.5,Green Lake,3720,4500.0,2007.0,,645,,Sold,,,https://www.redfin.com/WA/Seattle/5530-Ashworth-Ave-N-98103/home/305756,NWMLS as Distributed by MLS Grid,2048307.0,N,Y,47.6696684,-122.3387662,Skipped after 10 retries
PAST SALE,April-24-2023,Single Family Residential,4327 Eastern Ave N,Seattle,WA,98103,2650000,4,3.5,Wallingford,3882,11970.0,1916.0,,683,,Sold,,,https://www.redfin.com/WA/Seattle/4327-Eastern-Ave-N-98103/home/117535,NWMLS as Distributed by MLS Grid,2053019.0,N,Y,47.659989700000004,-122.3293535,Skipped after 10 retries
PAST SALE,September-15-2023,Single Family Residential,5529 Kenwood Pl N,Seattle,WA,98103,2041000,5,3.5,Green Lake,3350,6000.0,1920.0,,609,,Sold,,,https://www.redfin.com/WA/Seattle/5529-Kenwood-Pl-N-98103/home/305269,NWMLS as Distributed by MLS Grid,2151829.0,N,Y,47.6693244,-122.3346899,Skipped after 10 retries
PAST SALE,April-6-2023,Single Family Residential,3828 Corliss Ave N,Seattle,WA,98103,1725000,4,3.0,Wallingford,2530,5563.0,1907.0,,682,,Sold,,,https://www.redfin.com/WA/Seattle/3828-Corliss-Ave-N-98103/home/119538,NWMLS as Distributed by MLS Grid,2041071.0,N,Y,47.6539846,-122.3311481,Skipped after 10 retries
PAST SALE,April-27-2023,Single Family Residential,8056 Stroud Ave N,Seattle,WA,98103,1116000,4,2.5,Green Lake,2290,3316.0,1913.0,,487,,Sold,,,https://www.redfin.com/WA/Seattle/8056-Stroud-Ave-N-98103/home/307586,NWMLS as Distributed by MLS Grid,2050661.0,N,Y,47.6885615,-122.33404409999999,Skipped after 10 retries
PAST SALE,November-30-2022,Townhouse,922 N 49th St,Seattle,WA,98103,1299000,4,3.5,Woodland Park,1824,3250.0,2022.0,,712,1.0,Sold,,,https://www.redfin.com/WA/Seattle/922-N-49th-St-98103/home/119157,NWMLS as Distributed by MLS Grid,2004642.0,N,Y,47.6644594,-122.3463376,Skipped after 10 retries
PAST SALE,July-21-2023,Single Family Residential,5207 Greenwood Ave N,Seattle,WA,98103,1125000,4,1.0,Phinney Ridge,2780,6000.0,1916.0,,405,,Sold,,,https://www.redfin.com/WA/Seattle/5207-Greenwood-Ave-N-98103/home/299085,NWMLS as Distributed by MLS Grid,2126691.0,N,Y,47.6671359,-122.3556598,Skipped after 10 retries
PAST SALE,May-26-2023,Single Family Residential,321 N 77th St,Seattle,WA,98103,1257000,4,2.0,Phinney Ridge,1920,4171.0,1909.0,,655,,Sold,,,https://www.redfin.com/WA/Seattle/321-N-77th-St-98103/home/299953,NWMLS as Distributed by MLS Grid,2059060.0,N,Y,47.684535499999996,-122.35425009999999,Skipped after 10 retries
PAST SALE,April-28-2023,Single Family Residential,1842 N 54th St,Seattle,WA,98103,1500000,4,3.5,Green Lake,2580,3210.0,2003.0,,581,,Sold,,,https://www.redfin.com/WA/Seattle/1842-N-54th-St-98103/home/305657,NWMLS as Distributed by MLS Grid,2046133.0,N,Y,47.6681565,-122.3344857,Skipped after 10 retries
PAST SALE,June-30-2023,Single Family Residential,9731 Fremont Ave N,Seattle,WA,98103,1255000,5,3.0,Greenwood,2440,4158.0,1947.0,,514,,Sold,,,https://www.redfin.com/WA/Seattle/9731-Fremont-Ave-N-98103/home/99095,NWMLS as Distributed by MLS Grid,2127701.0,N,Y,47.7005684,-122.3503645,Skipped after 10 retries
PAST SALE,September-28-2023,Condo/Co-op,8551 Evanston Ave N,Seattle,WA,98103,1485950,4,4.5,Greenwood,2903,3000.0,2022.0,,512,95.0,Sold,,,https://www.redfin.com/WA/Seattle/8551-Evanston-Ave-N-98103/home/183224854,NWMLS as Distributed by MLS Grid,2157590.0,N,Y,47.6920964,-122.35164270000001,Skipped after 10 retries
PAST SALE,June-9-2023,Single Family Residential,1218 N 46th St,Seattle,WA,98103,1211000,4,2.0,Wallingford,2700,4300.0,1909.0,,449,,Sold,,,https://www.redfin.com/WA/Seattle/1218-N-46th-St-98103/home/119605,NWMLS as Distributed by MLS Grid,2065611.0,N,Y,47.662333700000005,-122.3428973,Skipped after 10 retries
PAST SALE,March-31-2023,Single Family Residential,2320 N 58th St,Seattle,WA,98103,1970000,5,3.0,Green Lake,3517,4080.0,1923.0,,560,,Sold,,,https://www.redfin.com/WA/Seattle/2320-N-58th-St-98103/home/303981,NWMLS as Distributed by MLS Grid,2038653.0,N,Y,47.6710504,-122.3305726,Skipped after 10 retries
PAST SALE,May-26-2023,Single Family Residential,6614 Dayton Ave N,Seattle,WA,98103,1540000,5,3.0,Phinney Ridge,2620,3690.0,1913.0,,588,,Sold,,,https://www.redfin.com/WA/Seattle/6614-Dayton-Ave-N-98103/home/299971,NWMLS as Distributed by MLS Grid,2061418.0,N,Y,47.6774304,-122.3523543,Skipped after 10 retries
PAST SALE,June-30-2023,Single Family Residential,341 N 78th St,Seattle,WA,98103,2257500,5,4.5,Phinney Ridge,3140,4700.0,2018.0,,719,,Sold,,,https://www.redfin.com/WA/Seattle/341-N-78th-St-98103/home/300634,NWMLS as Distributed by MLS Grid,2069217.0,N,Y,47.6853049,-122.35346080000001,Skipped after 10 retries
PAST SALE,May-31-2023,Single Family Residential,2114 N 65th St,Seattle,WA,98103,1570000,5,2.5,Green Lake,2350,3750.0,1904.0,,668,,Sold,,,https://www.redfin.com/WA/Seattle/2114-N-65th-St-98103/home/307728,NWMLS as Distributed by MLS Grid,2057735.0,N,Y,47.6761405,-122.33186450000001,Skipped after 10 retries
PAST SALE,December-13-2022,Single Family Residential,7215 Dayton Ave N,Seattle,WA,98103,962000,4,2.0,Phinney Ridge,1345,2808.0,1926.0,,715,,Sold,,,https://www.redfin.com/WA/Seattle/7215-Dayton-Ave-N-98103/home/301553,NWMLS as Distributed by MLS Grid,2017173.0,N,Y,47.6816346,-122.35284890000001,Skipped after 10 retries
PAST SALE,March-23-2023,Single Family Residential,2316 N 59th St,Seattle,WA,98103,2620000,5,3.5,Green Lake,3374,3750.0,2017.0,,777,,Sold,,,https://www.redfin.com/WA/Seattle/2316-N-59th-St-98103/home/106722439,NWMLS as Distributed by MLS Grid,2043331.0,N,Y,47.6717962,-122.33011,Skipped after 10 retries
PAST SALE,March-6-2023,Single Family Residential,3509 Densmore Ave N,Seattle,WA,98103,1711999,6,3.0,Wallingford,3020,4560.0,1916.0,,567,,Sold,,,https://www.redfin.com/WA/Seattle/3509-Densmore-Ave-N-98103/home/119502,NWMLS as Distributed by MLS Grid,2036419.0,N,Y,47.6495605,-122.3378445,Skipped after 10 retries
PAST SALE,May-5-2023,Single Family Residential,5906 Kirkwood Pl N,Seattle,WA,98103,1325000,4,2.0,Green Lake,1870,3600.0,1924.0,,709,,Sold,,,https://www.redfin.com/WA/Seattle/5906-Kirkwood-Pl-N-98103/home/304680,NWMLS as Distributed by MLS Grid,2056741.0,N,Y,47.671859600000005,-122.3333094,Skipped after 10 retries
PAST SALE,January-12-2023,Single Family Residential,6218 E Green Lake Way N,Seattle,WA,98103,1100000,4,2.0,Green Lake,2740,4000.0,1936.0,,401,,Sold,,,https://www.redfin.com/WA/Seattle/6218-E-Green-Lake-Way-N-98103/home/305382,NWMLS as Distributed by MLS Grid,2020575.0,N,Y,47.6740409,-122.3348206,Skipped after 10 retries
PAST SALE,April-27-2023,Single Family Residential,4512 Bagley Ave N,Seattle,WA,98103,1619000,4,3.5,Wallingford,2040,1889.0,2020.0,,794,,Sold,,,https://www.redfin.com/WA/Seattle/4512-Bagley-Ave-N-98103/home/173648077,NWMLS as Distributed by MLS Grid,2052322.0,N,Y,47.6619601,-122.33208300000001,Skipped after 10 retries
PAST SALE,May-23-2023,Single Family Residential,3929 Ashworth Ave N,Seattle,WA,98103,1415000,5,3.0,Wallingford,2585,3579.0,1924.0,,547,,Sold,,,https://www.redfin.com/WA/Seattle/3929-Ashworth-Ave-N-98103/home/119989,NWMLS as Distributed by MLS Grid,2054191.0,N,Y,47.6549978,-122.34030520000002,Skipped after 10 retries
PAST SALE,July-20-2023,Single Family Residential,2129 N 62nd St,Seattle,WA,98103,1910000,4,3.5,Green Lake,2708,3060.0,2001.0,,705,,Sold,,,https://www.redfin.com/WA/Seattle/2129-N-62nd-St-98103/home/304982,NWMLS as Distributed by MLS Grid,2078418.0,N,Y,47.6734627,-122.33230290000002,Skipped after 10 retries
PAST SALE,September-22-2023,Single Family Residential,720 N 61st St,Seattle,WA,98103,839000,4,2.5,Phinney Ridge,2120,3000.0,1911.0,,396,,Sold,,,https://www.redfin.com/WA/Seattle/720-N-61st-St-98103/home/298998,NWMLS as Distributed by MLS Grid,2154866.0,N,Y,47.6733375,-122.3489854,Skipped after 10 retries
PAST SALE,July-3-2023,Single Family Residential,8112 Fremont Ave N,Seattle,WA,98103,1450000,4,4.0,Greenwood,2920,4080.0,1912.0,,497,,Sold,,,https://www.redfin.com/WA/Seattle/8112-Fremont-Ave-N-98103/home/300227,NWMLS as Distributed by MLS Grid,2074568.0,N,Y,47.6880997,-122.3496572,Skipped after 10 retries
PAST SALE,October-31-2022,Single Family Residential,4123 Midvale Ave N,Seattle,WA,98103,1625000,4,2.5,Wallingford,1910,3000.0,2017.0,,851,,Sold,,,https://www.redfin.com/WA/Seattle/4123-Midvale-Ave-N-98103/home/119331,NWMLS as Distributed by MLS Grid,2001514.0,N,Y,47.6573724,-122.3439193,Skipped after 10 retries
PAST SALE,May-11-2023,Single Family Residential,2337 N 61st St,Seattle,WA,98103,2120000,5,3.5,Green Lake,3109,3040.0,1909.0,,682,,Sold,,,https://www.redfin.com/WA/Seattle/2337-N-61st-St-98103/home/304539,NWMLS as Distributed by MLS Grid,2058303.0,N,Y,47.672706299999994,-122.32926200000001,Skipped after 10 retries
PAST SALE,July-13-2023,Single Family Residential,3922 Corliss Ave N,Seattle,WA,98103,2400000,5,5.5,Wallingford,2874,4602.0,2023.0,,835,,Sold,,,https://www.redfin.com/WA/Seattle/3922-Corliss-Ave-N-98103/home/119464,NWMLS as Distributed by MLS Grid,2126913.0,N,Y,47.654996999999995,-122.331125,Skipped after 10 retries
PAST SALE,March-15-2023,Single Family Residential,3931 Ashworth Ave N,Seattle,WA,98103,1545000,4,4.0,Wallingford,2655,3572.0,1923.0,,582,,Sold,,,https://www.redfin.com/WA/Seattle/3931-Ashworth-Ave-N-98103/home/119960,NWMLS as Distributed by MLS Grid,2034146.0,N,Y,47.6550924,-122.340277,Skipped after 10 retries
PAST SALE,June-30-2023,Single Family Residential,2350 N 62nd St,Seattle,WA,98103,1240000,4,2.0,Green Lake,2410,5100.0,1914.0,,515,,Sold,,,https://www.redfin.com/WA/Seattle/2350-N-62nd-St-98103/home/304447,NWMLS as Distributed by MLS Grid,2074305.0,N,Y,47.673835,-122.3286835,Skipped after 10 retries
PAST SALE,July-14-2023,Single Family Residential,5104 Keystone Pl N,Seattle,WA,98103,1275000,4,2.0,Green Lake,2260,4813.0,1922.0,,564,,Sold,,,https://www.redfin.com/WA/Seattle/5104-Keystone-Pl-N-98103/home/304740,NWMLS as Distributed by MLS Grid,2077992.0,N,Y,47.666058500000005,-122.33090870000001,Skipped after 10 retries
PAST SALE,October-17-2023,Single Family Residential,4416 Sunnyside Ave N,Seattle,WA,98103,1562713,4,2.0,Wallingford,2800,4902.0,1914.0,,558,,Sold,,,https://www.redfin.com/WA/Seattle/4416-Sunnyside-Ave-N-98103/home/118781,NWMLS as Distributed by MLS Grid,2165980.0,N,Y,47.66084910000001,-122.32988259999999,Skipped after 10 retries
PAST SALE,July-6-2023,Single Family Residential,1845 N 53rd St,Seattle,WA,98103,1510000,4,2.0,Green Lake,2330,4815.0,1920.0,,648,,Sold,,,https://www.redfin.com/WA/Seattle/1845-N-53rd-St-98103/home/304360,NWMLS as Distributed by MLS Grid,2074891.0,N,Y,47.66704,-122.3344584,Skipped after 10 retries
PAST SALE,August-11-2023,Single Family Residential,3934 Burke Ave N,Seattle,WA,98103,1155000,4,2.0,Wallingford,2000,3078.0,1922.0,,578,,Sold,,,https://www.redfin.com/WA/Seattle/3934-Burke-Ave-N-98103/home/119661,NWMLS as Distributed by MLS Grid,2138605.0,N,Y,47.6554025,-122.3348067,Skipped after 10 retries
PAST SALE,March-24-2023,Single Family Residential,312 N 79th St,Seattle,WA,98103,1275000,4,2.5,Phinney Ridge,2157,3000.0,2016.0,,591,,Sold,,,https://www.redfin.com/WA/Seattle/312-N-79th-St-98103/home/106722311,NWMLS as Distributed by MLS Grid,2032253.0,N,Y,47.6864311,-122.3546493,Skipped after 10 retries
PAST SALE,August-4-2023,Single Family Residential,129 N 81st St,Seattle,WA,98103,1505000,4,3.0,Phinney Ridge,2360,3840.0,1929.0,,638,,Sold,,,https://www.redfin.com/WA/Seattle/129-N-81st-St-98103/home/497427,NWMLS as Distributed by MLS Grid,2137346.0,N,Y,47.6874964,-122.3566098,Skipped after 10 retries
PAST SALE,May-5-2023,Single Family Residential,4223 Greenwood Ave N,Seattle,WA,98103,1550000,4,3.0,Fremont,2170,4000.0,1910.0,,714,,Sold,,,https://www.redfin.com/WA/Seattle/4223-Greenwood-Ave-N-98103/home/302841,NWMLS as Distributed by MLS Grid,2057529.0,N,Y,47.658488899999995,-122.35573600000001,Skipped after 10 retries
PAST SALE,,Single Family Residential,214 N 57th St,Seattle,WA,98103,1205000,3,1.0,,2030,5239.0,1924.0,,594,,,,,https://www.redfin.com/WA/Seattle/214-N-57th-St-98103/home/299122,,,N,Y,47.6706361,-122.35581840000002,Skipped after 10 retries
PAST SALE,July-25-2023,Single Family Residential,1616 N 52nd St,Seattle,WA,98103,1325000,4,3.0,Wallingford,3110,3745.0,1910.0,,426,,Sold,,,https://www.redfin.com/WA/Seattle/1616-N-52nd-St-98103/home/305337,NWMLS as Distributed by MLS Grid,2130317.0,N,Y,47.6667109,-122.3376785,Skipped after 10 retries
PAST SALE,June-1-2023,Single Family Residential,616 N 61st St,Seattle,WA,98103,1160000,4,2.0,Phinney Ridge,2796,5000.0,1910.0,,415,,Sold,,,https://www.redfin.com/WA/Seattle/616-N-61st-St-98103/home/299059,NWMLS as Distributed by MLS Grid,2063044.0,N,Y,47.673357,-122.3505888,Skipped after 10 retries
PAST SALE,February-24-2023,Single Family Residential,126 N 84th St,Seattle,WA,98103,1750000,4,3.5,Greenwood,3315,4150.0,2018.0,,528,,Sold,,,https://www.redfin.com/WA/Seattle/126-N-84th-St-98103/home/497992,NWMLS as Distributed by MLS Grid,2029235.0,N,Y,47.6900463,-122.3568155,Skipped after 10 retries
PAST SALE,July-26-2023,Single Family Residential,4020 Bagley Ave N,Seattle,WA,98103,871000,4,1.0,Seattle,1890,4560.0,1907.0,,461,,Sold,,,https://www.redfin.com/WA/Seattle/4020-Bagley-Ave-N-98103/home/118511,NWMLS as Distributed by MLS Grid,2126988.0,N,Y,47.6562348,-122.3323017,Skipped after 10 retries
PAST SALE,November-8-2022,Single Family Residential,6312 Greenwood Ave N,Seattle,WA,98103,1075000,4,2.0,Phinney Ridge,1880,3250.0,1918.0,,572,,Sold,,,https://www.redfin.com/WA/Seattle/6312-Greenwood-Ave-N-98103/home/299091,NWMLS as Distributed by MLS Grid,2002257.0,N,Y,47.674930100000005,-122.35511650000001,Skipped after 10 retries
PAST SALE,August-11-2023,Single Family Residential,4233 Ashworth Ave N,Seattle,WA,98103,1395000,5,2.5,Wallingford,2850,4000.0,1906.0,,489,,Sold,,,https://www.redfin.com/WA/Seattle/4233-Ashworth-Ave-N-98103/home/118352,NWMLS as Distributed by MLS Grid,2139907.0,N,Y,47.6590316,-122.34001540000001,Skipped after 10 retries
PAST SALE,June-2-2023,Single Family Residential,9010 Dayton Ave N,Seattle,WA,98103,1211000,4,2.0,Greenwood,2035,7763.0,1911.0,,595,,Sold,,,https://www.redfin.com/WA/Seattle/9010-Dayton-Ave-N-98103/home/98487,NWMLS as Distributed by MLS Grid,2059624.0,N,Y,47.6945519,-122.35230590000002,Skipped after 10 retries
PAST SALE,March-29-2023,Single Family Residential,4803 Whitman Ave N,Seattle,WA,98103,1224990,5,3.0,Wallingford,2589,3250.0,1901.0,,473,,Sold,,,https://www.redfin.com/WA/Seattle/4803-Whitman-Ave-N-98103/home/119040,NWMLS as Distributed by MLS Grid,2038707.0,N,Y,47.6637674,-122.3463362,Skipped after 10 retries
PAST SALE,June-2-2023,Condo/Co-op,8510 Wallingford Ave N Unit A,Seattle,WA,98103,955000,4,2.0,Green Lake,1600,5356.0,1943.0,,597,125.0,Sold,,,https://www.redfin.com/WA/Seattle/8510-Wallingford-Ave-N-98103/unit-A/home/179141900,NWMLS as Distributed by MLS Grid,2061279.0,N,Y,47.6908891,-122.33617029999999,Skipped after 10 retries
PAST SALE,February-15-2023,Single Family Residential,321 N 81st St,Seattle,WA,98103,1988000,4,3.5,Phinney Ridge,3220,3774.0,2017.0,,617,,Sold,,,https://www.redfin.com/WA/Seattle/321-N-81st-St-98103/home/300366,NWMLS as Distributed by MLS Grid,2026717.0,N,Y,47.6874269,-122.3543747,Skipped after 10 retries
PAST SALE,November-21-2022,Townhouse,1714 N 47th St,Seattle,WA,98103,1500000,4,3.5,Wallingford,1909,1544.0,2022.0,,786,,Sold,,,https://www.redfin.com/WA/Seattle/1714-N-47th-St-98103/home/182325810,NWMLS as Distributed by MLS Grid,1999773.0,N,Y,47.6630842,-122.33694640000002,Skipped after 10 retries
PAST SALE,September-21-2023,Single Family Residential,2302 N 77th St,Seattle,WA,98103,1750000,4,3.0,Green Lake,2950,4000.0,1964.0,,593,,Sold,,,https://www.redfin.com/WA/Seattle/2302-N-77th-St-98103/home/307507,NWMLS as Distributed by MLS Grid,2148089.0,N,Y,47.685233600000004,-122.3301904,Skipped after 10 retries
PAST SALE,June-20-2023,Single Family Residential,927 N 79th St,Seattle,WA,98103,1720000,5,4.0,Greenwood,2718,4045.0,2023.0,,633,426.0,Sold,,,https://www.redfin.com/WA/Seattle/927-N-79th-St-98103/home/301155,NWMLS as Distributed by MLS Grid,2065678.0,N,Y,47.685991200000004,-122.3460085,Skipped after 10 retries
PAST SALE,June-15-2023,Single Family Residential,4327 Meridian Ave N,Seattle,WA,98103,2000000,5,3.5,Wallingford,3840,4800.0,2012.0,,521,,Sold,,,https://www.redfin.com/WA/Seattle/4327-Meridian-Ave-N-98103/home/117813,NWMLS as Distributed by MLS Grid,2068167.0,N,Y,47.6599455,-122.33412450000002,Skipped after 10 retries
PAST SALE,March-9-2023,Single Family Residential,7935 Wallingford Ave N,Seattle,WA,98103,1101000,4,2.0,Green Lake,2600,4206.0,1922.0,,423,,Sold,,,https://www.redfin.com/WA/Seattle/7935-Wallingford-Ave-N-98103/home/306773,NWMLS as Distributed by MLS Grid,2031326.0,N,Y,47.6867078,-122.33703510000001,Skipped after 10 retries
PAST SALE,August-14-2023,Townhouse,3647 Francis Ave N Unit A,Seattle,WA,98103,1288880,4,3.5,Fremont,1874,1176.0,2023.0,,688,25.0,Sold,,,https://www.redfin.com/WA/Seattle/3647-Francis-Ave-N-98103/unit-A/home/186023601,NWMLS as Distributed by MLS Grid,2135663.0,N,Y,47.653473299999995,-122.3538997,Skipped after 10 retries
PAST SALE,March-3-2023,Single Family Residential,8306 Linden Ave N,Seattle,WA,98103,1625000,5,4.0,Green Lake,3056,3120.0,2022.0,,532,,Sold,,,https://www.redfin.com/WA/Seattle/8306-Linden-Ave-N-98103/home/301752,NWMLS as Distributed by MLS Grid,2026638.0,N,Y,47.6894032,-122.34698449999999,Skipped after 10 retries
PAST SALE,August-7-2023,Townhouse,1717 N 36th St,Seattle,WA,98103,1349000,4,4.5,Wallingford,2087,1584.0,2023.0,,646,46.0,Sold,,,https://www.redfin.com/WA/Seattle/1717-N-36th-St-98103/home/184795205,NWMLS as Distributed by MLS Grid,2132643.0,N,Y,47.6501911,-122.33684309999998,Skipped after 10 retries
PAST SALE,December-2-2022,Single Family Residential,5315 Greenwood Ave N,Seattle,WA,98103,1200000,4,2.5,Phinney Ridge,2520,4500.0,1918.0,,476,,Sold,,,https://www.redfin.com/WA/Seattle/5315-Greenwood-Ave-N-98103/home/298915,NWMLS as Distributed by MLS Grid,2013961.0,N,Y,47.6675977,-122.35566609999998,Skipped after 10 retries
PAST SALE,March-17-2023,Single Family Residential,2207 N 59th St,Seattle,WA,98103,2715000,5,3.5,Green Lake,3829,4500.0,2020.0,,709,,Sold,,,https://www.redfin.com/WA/Seattle/2207-N-59th-St-98103/home/305731,NWMLS as Distributed by MLS Grid,2036158.0,N,Y,47.6713953,-122.3313824,Skipped after 10 retries
PAST SALE,January-11-2023,Condo/Co-op,533 N 71st St Unit A,Seattle,WA,98103,1655000,4,3.5,Phinney Ridge,2478,2928.0,2022.0,,668,499.0,Sold,,,https://www.redfin.com/WA/Seattle/533-N-71st-St-98103/unit-A/home/182873981,NWMLS as Distributed by MLS Grid,2017414.0,N,Y,47.680134100000004,-122.35103570000001,Skipped after 10 retries
PAST SALE,May-1-2023,Single Family Residential,3806 Wallingford Ave N,Seattle,WA,98103,1429000,5,3.0,Wallingford,2500,5472.0,1933.0,,572,,Sold,,,https://www.redfin.com/WA/Seattle/3806-Wallingford-Ave-N-98103/home/119280,NWMLS as Distributed by MLS Grid,2043503.0,N,Y,47.653471100000004,-122.3360067,Skipped after 10 retries
PAST SALE,December-13-2022,Single Family Residential,512 N 77th St,Seattle,WA,98103,1394600,4,3.5,Phinney Ridge,2191,4120.0,2022.0,,637,106.0,Sold,,,https://www.redfin.com/WA/Seattle/512-N-77th-St-98103/home/300592,NWMLS as Distributed by MLS Grid,2014337.0,N,Y,47.684932700000005,-122.35177379999999,Skipped after 10 retries
PAST SALE,December-15-2022,Single Family Residential,2130 N 62nd St,Seattle,WA,98103,1750000,4,3.5,Green Lake,2710,3060.0,2022.0,,646,,Sold,,,https://www.redfin.com/WA/Seattle/2130-N-62nd-St-98103/home/306061,NWMLS as Distributed by MLS Grid,2013979.0,N,Y,47.6738831,-122.332154,Skipped after 10 retries
PAST SALE,July-20-2023,Single Family Residential,9723 Palatine N,Seattle,WA,98103,1999999,6,4.5,Greenwood,4176,7699.0,2023.0,,479,,Sold,,,https://www.redfin.com/WA/Seattle/9723-Palatine-Ave-N-98103/home/100831,NWMLS as Distributed by MLS Grid,2127277.0,N,Y,47.7004717,-122.35721880000001,Skipped after 10 retries
PAST SALE,September-19-2023,Single Family Residential,1113 N 77th St,Seattle,WA,98103,995000,5,2.5,Green Lake,2680,3877.0,1926.0,,371,,Sold,,,https://www.redfin.com/WA/Seattle/1113-N-77th-St-98103/home/306492,NWMLS as Distributed by MLS Grid,2135508.0,N,Y,47.6846008,-122.34377520000001,Skipped after 10 retries
PAST SALE,July-21-2023,Single Family Residential,1027 N 49th St,Seattle,WA,98103,1550000,5,4.0,Wallingford,2959,4140.0,1920.0,,524,,Sold,,,https://www.redfin.com/WA/Seattle/1027-N-49th-St-98103/home/119691,NWMLS as Distributed by MLS Grid,2132714.0,N,Y,47.6640629,-122.3448554,Skipped after 10 retries
PAST SALE,February-21-2023,Single Family Residential,2118 N 62nd St,Seattle,WA,98103,1090000,4,2.0,Green Lake,1820,3060.0,1901.0,,599,,Sold,,,https://www.redfin.com/WA/Seattle/2118-N-62nd-St-98103/home/306062,NWMLS as Distributed by MLS Grid,2030097.0,N,Y,47.6738835,-122.3326338,Skipped after 10 retries
PAST SALE,April-17-2023,Single Family Residential,1815 N 38th St,Seattle,WA,98103,975000,4,1.5,Wallingford,2400,2640.0,1916.0,,406,,Sold,,,https://www.redfin.com/WA/Seattle/1815-N-38th-St-98103/home/119855,NWMLS as Distributed by MLS Grid,2040847.0,N,Y,47.652976,-122.33567409999999,Skipped after 10 retries
PAST SALE,October-27-2023,Single Family Residential,4107 Sunnyside Ave N,Seattle,WA,98103,985000,4,2.0,Wallingford,2480,5700.0,1929.0,,397,,Sold,,,https://www.redfin.com/WA/Seattle/4107-Sunnyside-Ave-N-98103/home/117724,NWMLS as Distributed by MLS Grid,2158804.0,N,Y,47.657005700000006,-122.3305353,Skipped after 10 retries
PAST SALE,October-20-2023,Single Family Residential,4470 Whitman Ave N,Seattle,WA,98103,1295000,4,2.0,Wallingford,1910,4000.0,1916.0,,678,,Sold,,,https://www.redfin.com/WA/Seattle/4470-Whitman-Ave-N-98103/home/120057,NWMLS as Distributed by MLS Grid,2158578.0,N,Y,47.6612472,-122.3453581,Skipped after 10 retries
PAST SALE,August-2-2023,Townhouse,9055 Meridian Ave N Unit A,Seattle,WA,98103,1200000,5,3.0,Licton Springs,2340,3481.0,2019.0,,513,17.0,Sold,,,https://www.redfin.com/WA/Seattle/9055-Meridian-Ave-N-98103/unit-A/home/185954085,NWMLS as Distributed by MLS Grid,2132706.0,N,Y,47.69575570000001,-122.3340706,Skipped after 10 retries
PAST SALE,June-20-2023,Single Family Residential,4656 Sunnyside Ave N,Seattle,WA,98103,1825000,4,3.5,Wallingford,3190,3277.0,1922.0,,572,,Sold,,,https://www.redfin.com/WA/Seattle/4656-Sunnyside-Ave-N-98103/home/117232,NWMLS as Distributed by MLS Grid,2065604.0,N,Y,47.664291999999996,-122.3298507,Skipped after 10 retries
PAST SALE,June-16-2023,Single Family Residential,3648 Burke Ave N,Seattle,WA,98103,3150000,5,4.0,Wallingford,4053,6240.0,2020.0,,777,,Sold,,,https://www.redfin.com/WA/Seattle/3648-Burke-Ave-N-98103/home/119513,NWMLS as Distributed by MLS Grid,2069328.0,N,Y,47.6516417,-122.33477549999999,Skipped after 10 retries
PAST SALE,January-20-2023,Single Family Residential,2312 N 54th St,Seattle,WA,98103,1365000,5,3.0,Green Lake,3270,4472.0,1928.0,,417,,Sold,,,https://www.redfin.com/WA/Seattle/2312-N-54th-St-98103/home/306128,NWMLS as Distributed by MLS Grid,2021522.0,N,Y,47.6680872,-122.3289588,Skipped after 10 retries
PAST SALE,March-31-2023,Single Family Residential,4642 Eastern Ave N,Seattle,WA,98103,999000,4,2.0,Wallingford,1890,4065.0,1912.0,,529,,Sold,,,https://www.redfin.com/WA/Seattle/4642-Eastern-Ave-N-98103/home/117777,NWMLS as Distributed by MLS Grid,2037157.0,N,Y,47.6638922,-122.32884140000002,Skipped after 10 retries
PAST SALE,June-14-2023,Townhouse,4406 A Francis Ave N Unit A,Seattle,WA,98103,1450000,4,3.5,Fremont,2187,1980.0,2019.0,,663,,Sold,,,https://www.redfin.com/WA/Seattle/4406-Francis-Ave-N-98103/unit-A/home/175950503,NWMLS as Distributed by MLS Grid,2055468.0,N,Y,47.660473700000004,-122.35283999999999,Skipped after 10 retries
PAST SALE,December-12-2022,Single Family Residential,527 N 71st St Unit A,Seattle,WA,98103,1625000,4,3.5,Phinney Ridge,2510,1.0,2022.0,,647,1.0,Sold,,,https://www.redfin.com/WA/Seattle/527-N-71st-St-98103/unit-A/home/182505110,NWMLS as Distributed by MLS Grid,2011674.0,N,Y,47.6801104,-122.35121029999999,Skipped after 10 retries
PAST SALE,January-27-2023,Single Family Residential,4416 Burke Ave N,Seattle,WA,98103,1395000,4,2.5,Wallingford,2860,4800.0,1901.0,,488,,Sold,,,https://www.redfin.com/WA/Seattle/4416-Burke-Ave-N-98103/home/118929,NWMLS as Distributed by MLS Grid,2023390.0,N,Y,47.6608745,-122.33471189999999,Skipped after 10 retries
PAST SALE,September-13-2023,Townhouse,7906 Green Lake Dr N,Seattle,WA,98103,1000000,4,3.0,Green Lake,1844,900.0,2023.0,,542,,Sold,,,https://www.redfin.com/WA/Seattle/7906-Green-Lake-Dr-N-98103/home/186114363,NWMLS as Distributed by MLS Grid,2143395.0,N,Y,47.6865804,-122.33943300000001,Skipped after 10 retries
PAST SALE,February-2-2023,Condo/Co-op,524 N 40th St,Seattle,WA,98103,1850000,6,3.5,Fremont,3304,,2022.0,,560,25.0,Sold,,,https://www.redfin.com/WA/Seattle/524-N-40th-St-98103/home/181920773,NWMLS as Distributed by MLS Grid,2019109.0,N,Y,47.655418299999994,-122.35150459999998,Skipped after 10 retries
PAST SALE,February-24-2023,Single Family Residential,926 N 93rd St,Seattle,WA,98103,1000000,4,2.0,Greenwood,2740,4805.0,1920.0,,365,,Sold,,,https://www.redfin.com/WA/Seattle/926-N-93rd-St-98103/home/99300,NWMLS as Distributed by MLS Grid,2026496.0,N,Y,47.69655,-122.3458419,Skipped after 10 retries
PAST SALE,February-2-2023,Single Family Residential,4710 Burke Ave N,Seattle,WA,98103,1095000,4,3.5,Wallingford,2280,2500.0,1910.0,,480,,Sold,,,https://www.redfin.com/WA/Seattle/4710-Burke-Ave-N-98103/home/118611,NWMLS as Distributed by MLS Grid,2021686.0,N,Y,47.6632838,-122.33495400000001,Skipped after 10 retries
PAST SALE,August-16-2023,Single Family Residential,820 N 60th St,Seattle,WA,98103,900000,4,3.0,Green Lake,2490,4122.0,1910.0,,361,,Sold,,,https://www.redfin.com/WA/Seattle/820-N-60th-St-98103/home/298865,NWMLS as Distributed by MLS Grid,2128689.0,N,Y,47.6726486,-122.34753319999999,Skipped after 10 retries
PAST SALE,July-19-2023,Single Family Residential,8909 Linden Ave N,Seattle,WA,98103,1220000,4,3.5,Green Lake,2510,2700.0,2000.0,,486,,Sold,,,https://www.redfin.com/WA/Seattle/8909-Linden-Ave-N-98103/home/99444,NWMLS as Distributed by MLS Grid,2073041.0,N,Y,47.6938016,-122.3476221,Skipped after 10 retries
PAST SALE,May-22-2023,Single Family Residential,1722 N 80 St,Seattle,WA,98103,1105000,4,2.0,Green Lake,2290,4770.0,1926.0,,483,,Sold,,,https://www.redfin.com/WA/Seattle/1722-N-80th-St-98103/home/307691,NWMLS as Distributed by MLS Grid,2060572.0,N,Y,47.6870774,-122.336821,Skipped after 10 retries
PAST SALE,June-9-2023,Single Family Residential,4715 Stone Way N,Seattle,WA,98103,1050000,4,2.0,Wallingford,2530,2999.0,1916.0,,415,,Sold,,,https://www.redfin.com/WA/Seattle/4715-Stone-Way-N-98103/home/120506,NWMLS as Distributed by MLS Grid,2059419.0,N,Y,47.6633099,-122.3416699,Skipped after 10 retries
PAST SALE,September-8-2023,Single Family Residential,612 N 47th St,Seattle,WA,98103,1375000,4,2.0,Fremont,2920,4000.0,1914.0,,471,,Sold,,,https://www.redfin.com/WA/Seattle/612-N-47th-St-98103/home/299198,NWMLS as Distributed by MLS Grid,2135847.0,N,Y,47.6630674,-122.35086709999999,Skipped after 10 retries
PAST SALE,December-1-2022,Single Family Residential,505 N 90th St,Seattle,WA,98103,1165000,4,3.5,Greenwood,2054,2050.0,2022.0,,567,60.0,Sold,,,https://www.redfin.com/WA/Seattle/505-N-90th-St-98103/home/181809754,NWMLS as Distributed by MLS Grid,1997016.0,N,Y,47.694106299999994,-122.35213700000001,Skipped after 10 retries
PAST SALE,August-10-2023,Single Family Residential,720 N 72nd St,Seattle,WA,98103,1350000,5,3.0,Phinney Ridge,2751,4590.0,1951.0,,491,,Sold,,,https://www.redfin.com/WA/Seattle/720-N-72nd-St-98103/home/300914,NWMLS as Distributed by MLS Grid,2070157.0,N,Y,47.6812127,-122.3489117,Skipped after 10 retries
PAST SALE,January-19-2023,Single Family Residential,4007 Corliss Ave N,Seattle,WA,98103,2400000,5,3.5,Wallingford,3480,4338.0,2021.0,,690,,Sold,,,https://www.redfin.com/WA/Seattle/4007-Corliss-Ave-N-98103/home/173686305,NWMLS as Distributed by MLS Grid,2015086.0,N,Y,47.6557104,-122.33174720000001,Skipped after 10 retries
PAST SALE,January-17-2023,Single Family Residential,7446 Corliss Ave N,Seattle,WA,98103,955000,5,3.0,Green Lake,2210,4000.0,1924.0,,432,,Sold,,,https://www.redfin.com/WA/Seattle/7446-Corliss-Ave-N-98103/home/307362,NWMLS as Distributed by MLS Grid,2011753.0,N,Y,47.6840777,-122.3301565,Skipped after 10 retries
PAST SALE,January-4-2023,Single Family Residential,7309 Fremont Ave N,Seattle,WA,98103,1180400,5,3.0,Phinney Ridge,2810,6180.0,1913.0,,420,,Sold,,,https://www.redfin.com/WA/Seattle/7309-Fremont-Ave-N-98103/home/301239,NWMLS as Distributed by MLS Grid,2016257.0,N,Y,47.682115100000004,-122.3501423,Skipped after 10 retries
PAST SALE,,Single Family Residential,4221 Phinney Ave N,Seattle,WA,98103,1200000,3,1.5,,2200,4000.0,1908.0,,545,,,,,https://www.redfin.com/WA/Seattle/4221-Phinney-Ave-N-98103/home/302708,,,N,Y,47.6584142,-122.3547498,Skipped after 10 retries
PAST SALE,August-24-2023,Single Family Residential,8033 Sunnyside Ave N,Seattle,WA,98103,865500,4,2.0,Green Lake,2310,5580.0,1926.0,,375,,Sold,,,https://www.redfin.com/WA/Seattle/8033-Sunnyside-Ave-N-98103/home/307109,NWMLS as Distributed by MLS Grid,2067656.0,N,Y,47.687836,-122.32998529999999,Skipped after 10 retries
PAST SALE,January-20-2023,Single Family Residential,7518 Orin Ct N,Seattle,WA,98103,1275000,4,2.0,Green Lake,2620,7504.0,1927.0,,487,,Sold,,,https://www.redfin.com/WA/Seattle/7518-Orin-Ct-N-98103/home/306446,NWMLS as Distributed by MLS Grid,2014400.0,N,Y,47.684649900000004,-122.33285690000001,Skipped after 10 retries
PAST SALE,May-5-2023,Single Family Residential,7235 W Green Lake Dr N,Seattle,WA,98103,1575000,4,2.5,Green Lake,3320,6800.0,1927.0,,474,,Sold,,,https://www.redfin.com/WA/Seattle/7235-W-Green-Lake-Dr-N-98103/home/306531,NWMLS as Distributed by MLS Grid,2039048.0,N,Y,47.6820371,-122.34291029999999,Skipped after 10 retries
PAST SALE,April-19-2023,Single Family Residential,108 N 67th St,Seattle,WA,98103,1875000,6,3.0,Phinney Ridge,2630,3750.0,1916.0,,713,,Sold,,,https://www.redfin.com/WA/Seattle/108-N-67th-St-98103/home/497420,NWMLS as Distributed by MLS Grid,2038931.0,N,Y,47.6779654,-122.35704740000001,Skipped after 10 retries
PAST SALE,November-30-2022,Condo/Co-op,5545 Kenwood Pl N Unit A,Seattle,WA,98103,1550000,4,3.5,Green Lake,2304,4503.0,2022.0,,673,70.0,Sold,,,https://www.redfin.com/WA/Seattle/5545-Kenwood-Pl-N-98103/unit-A/home/181899039,NWMLS as Distributed by MLS Grid,1999531.0,N,Y,47.669607899999995,-122.3349807,Skipped after 10 retries
PAST SALE,November-10-2022,Townhouse,1710 C N 47th St,Seattle,WA,98103,1000000,4,2.0,Wallingford,1620,891.0,2022.0,,617,,Sold,,,https://www.redfin.com/WA/Seattle/1710-N-47th-St-98103/home/181517355,NWMLS as Distributed by MLS Grid,1967184.0,N,Y,47.6630385,-122.3370923,Skipped after 10 retries
PAST SALE,November-3-2022,Single Family Residential,7734 Bagley Ave N,Seattle,WA,98103,1200000,5,2.0,Green Lake,2800,6250.0,1929.0,,429,,Sold,,,https://www.redfin.com/WA/Seattle/7734-Bagley-Ave-N-98103/home/306212,NWMLS as Distributed by MLS Grid,1984066.0,N,Y,47.6861458,-122.3312521,Skipped after 10 retries
PAST SALE,May-3-2023,Townhouse,3651 Albion Pl N Unit B,Seattle,WA,98103,949000,4,3.5,Fremont,1678,750.0,2016.0,,566,,Sold,,,https://www.redfin.com/WA/Seattle/3651-Albion-Pl-N-98103/unit-B/home/106723893,NWMLS as Distributed by MLS Grid,2036802.0,N,Y,47.652105600000006,-122.34496010000001,Skipped after 10 retries
PAST SALE,November-3-2022,Single Family Residential,5402 Greenwood Ave N,Seattle,WA,98103,2150000,4,2.5,Phinney Ridge,3480,5043.0,2019.0,,618,,Sold,,,https://www.redfin.com/WA/Seattle/5402-Greenwood-Ave-N-98103/home/22488605,NWMLS as Distributed by MLS Grid,1987061.0,N,Y,47.6679374,-122.3551327,Skipped after 10 retries
PAST SALE,October-11-2023,Townhouse,3647 Francis Ave N Unit B,Seattle,WA,98103,1278888,4,3.5,Fremont,2105,1175.0,2023.0,,608,25.0,Sold,,,https://www.redfin.com/WA/Seattle/3647-Francis-Ave-N-98103/unit-B/home/182034741,NWMLS as Distributed by MLS Grid,2140499.0,N,Y,47.653473299999995,-122.3538997,Skipped after 10 retries
PAST SALE,September-8-2023,Townhouse,3649 Francis Ave N Unit A,Seattle,WA,98103,1278888,4,4.0,Fremont,2216,1443.0,2023.0,,577,25.0,Sold,,,https://www.redfin.com/WA/Seattle/3649-Francis-Ave-N-98103/unit-A/home/182034739,NWMLS as Distributed by MLS Grid,2131853.0,N,Y,47.65343529999999,-122.3536869,Skipped after 10 retries
PAST SALE,October-26-2023,Single Family Residential,5550 Woodlawn Ave N,Seattle,WA,98103,1299950,4,3.0,Green Lake,2650,4800.0,1903.0,,491,,Sold,,,https://www.redfin.com/WA/Seattle/5550-Woodlawn-Ave-N-98103/home/304957,NWMLS as Distributed by MLS Grid,2148598.0,N,Y,47.670127799999996,-122.3377166,Skipped after 10 retries
PAST SALE,August-3-2023,Single Family Residential,309 N 73rd St,Seattle,WA,98103,1080000,4,2.0,Phinney Ridge,2760,3020.0,1912.0,,391,,Sold,,,https://www.redfin.com/WA/Seattle/309-N-73rd-St-98103/home/300011,NWMLS as Distributed by MLS Grid,2060830.0,N,Y,47.6816331,-122.3547982,Skipped after 10 retries
PAST SALE,November-9-2022,Single Family Residential,108 N 95th St,Seattle,WA,98103,998000,6,3.0,Greenwood,2920,7650.0,1925.0,,342,,Sold,,,https://www.redfin.com/WA/Seattle/108-N-95th-St-98103/home/101229,NWMLS as Distributed by MLS Grid,1976785.0,N,Y,47.6980456,-122.35755719999999,Skipped after 10 retries
PAST SALE,July-24-2023,Single Family Residential,715 N 81st St,Seattle,WA,98103,2525000,5,3.5,Seattle,4462,6120.0,2023.0,,566,,Sold,,,https://www.redfin.com/WA/Seattle/715-N-81st-St-98103/home/300399,NWMLS as Distributed by MLS Grid,2055322.0,N,Y,47.6874346,-122.3491825,Skipped after 10 retries
PAST SALE,February-7-2023,Single Family Residential,715 N 86th St Unit A,Seattle,WA,98103,1946000,5,4.0,Greenwood,2780,3000.0,2019.0,,700,5.0,Sold,,,https://www.redfin.com/WA/Seattle/715-N-86th-St-98103/unit-A/home/182511873,NWMLS as Distributed by MLS Grid,2011947.0,N,Y,47.6909778,-122.3492321,Skipped after 10 retries
PAST SALE,June-5-2023,Single Family Residential,720 N 64th St,Seattle,WA,98103,2360000,6,4.0,Phinney Ridge,3820,5000.0,2023.0,,618,,Sold,,,https://www.redfin.com/WA/Seattle/720-N-64th-St-98103/home/299590,NWMLS as Distributed by MLS Grid,2035258.0,N,Y,47.6755061,-122.34894009999998,Skipped after 10 retries
PAST SALE,June-30-2023,Single Family Residential,5214 Green Lake Way N,Seattle,WA,98103,830000,5,2.5,Green Lake,2200,3200.0,1918.0,,377,,Sold,,,https://www.redfin.com/WA/Seattle/5214-Green-Lake-Way-N-98103/home/306076,NWMLS as Distributed by MLS Grid,2043180.0,N,Y,47.666857799999995,-122.33979599999999,Skipped after 10 retries
PAST SALE,October-26-2023,Single Family Residential,9752 Palatine Ave N,Seattle,WA,98103,755000,4,1.0,Greenwood,1400,5461.0,1927.0,,539,,Sold,,,https://www.redfin.com/WA/Seattle/9752-Palatine-Ave-N-98103/home/101462,NWMLS as Distributed by MLS Grid,2138540.0,N,Y,47.7012034,-122.35652069999999,Skipped after 10 retries
PAST SALE,January-25-2023,Single Family Residential,8246 Corliss Ave N,Seattle,WA,98103,838000,4,2.0,Green Lake,1720,5535.0,1948.0,,487,,Sold,,,https://www.redfin.com/WA/Seattle/8246-Corliss-Ave-N-98103/home/306302,NWMLS as Distributed by MLS Grid,2005583.0,N,Y,47.690068,-122.33075420000002,Skipped after 10 retries
PAST SALE,January-24-2023,Single Family Residential,730 N 81st St,Seattle,WA,98103,1139500,4,2.0,Phinney Ridge,3060,5610.0,1926.0,,372,,Sold,,,https://www.redfin.com/WA/Seattle/730-N-81st-St-98103/home/301267,NWMLS as Distributed by MLS Grid,1996426.0,N,Y,47.687871200000004,-122.34847959999999,Skipped after 10 retries
PAST SALE,January-30-2023,Townhouse,9205 Greenwood Ave N Unit C,Seattle,WA,98103,850000,4,2.0,Greenwood,1852,871.0,2022.0,,459,,Sold,,,https://www.redfin.com/WA/Seattle/9205-Greenwood-Ave-N-98103/unit-C/home/181026255,NWMLS as Distributed by MLS Grid,1992316.0,N,Y,47.69634779999999,-122.3559028,Skipped after 10 retries
PAST SALE,January-4-2023,Single Family Residential,1122 N 84th St,Seattle,WA,98103,1210000,5,3.0,Green Lake,2829,3800.0,1909.0,,428,,Sold,,,https://www.redfin.com/WA/Seattle/1122-N-84th-St-98103/home/307772,NWMLS as Distributed by MLS Grid,1968166.0,N,Y,47.6900513,-122.34335130000001,Skipped after 10 retries
PAST SALE,January-18-2023,Single Family Residential,5719 Woodlawn Ave N,Seattle,WA,98103,1404500,4,3.0,Green Lake,2380,3511.0,1909.0,,590,,Sold,,,https://www.redfin.com/WA/Seattle/5719-Woodlawn-Ave-N-98103/home/304965,NWMLS as Distributed by MLS Grid,1981367.0,N,Y,47.670844,-122.3381827,Skipped after 10 retries
PAST SALE,May-18-2023,Single Family Residential,9028 Phinney Ave N Unit A,Seattle,WA,98103,1080000,4,3.0,Greenwood,2130,4069.0,1930.0,,507,24.0,Sold,,,https://www.redfin.com/WA/Seattle/9028-Phinney-Ave-N-98103/unit-A/home/181853994,NWMLS as Distributed by MLS Grid,1997184.0,N,Y,47.6953433,-122.353748,Skipped after 10 retries
PAST SALE,,Condo/Co-op,356 N 75th St,Seattle,WA,98103,1300000,4,4.0,,2780,,2023.0,,468,,,,,https://www.redfin.com/WA/Seattle/356-N-75th-St-98103/home/301518,,,N,Y,47.6835029,-122.3529483,Skipped after 10 retries
PAST SALE,,Condo/Co-op,536 N 67th St Unit A,Seattle,WA,98103,1400000,4,3.5,,2442,,,,573,,,,,https://www.redfin.com/WA/Seattle/536-N-67th-St-98103/unit-A/home/175241882,,,N,Y,47.67797879999999,-122.35103909999998,Skipped after 10 retries
PAST SALE,,Single Family Residential,7506 Sunnyside Ave N,Seattle,WA,98103,2700000,4,3.0,,2290,3900.0,1909.0,,1179,,,,,https://www.redfin.com/WA/Seattle/7506-Sunnyside-Ave-N-98103/home/306411,,,N,Y,47.6834973,-122.3290223,Skipped after 10 retries
PAST SALE,,Single Family Residential,7900 Green Lake Dr N,Seattle,WA,98103,1140000,4,1.0,,1390,4732.0,1929.0,,820,,,,,https://www.redfin.com/WA/Seattle/7900-Green-Lake-Dr-N-98103/home/307119,,,N,Y,47.6866339,-122.3393344,Skipped after 10 retries
PAST SALE,,Single Family Residential,3926 Burke Ave N,Seattle,WA,98103,1100000,4,2.0,,2460,7200.0,1912.0,,447,,,,,https://www.redfin.com/WA/Seattle/3926-Burke-Ave-N-98103/home/120099,,,N,Y,47.6551689,-122.33473229999998,Skipped after 10 retries
PAST SALE,,Townhouse,4404 Francis Ave N,Seattle,WA,98103,1450000,4,3.5,,1820,1980.0,2019.0,,797,,,,,https://www.redfin.com/WA/Seattle/4404-Francis-Ave-N-98103/home/302143,,,N,Y,47.660489,-122.35309299999999,Skipped after 10 retries
PAST SALE,,Townhouse,1714 N 47th St,Seattle,WA,98103,1500000,4,3.5,,1880,1544.0,2022.0,,798,,,,,https://www.redfin.com/WA/Seattle/1714-N-47th-St-98103/home/182030584,,,N,Y,47.6632576,-122.33690690000002,Skipped after 10 retries
