SALE TYPE,SOLD DATE,PROPERTY TYPE,ADDRESS,CITY,STATE OR PROVINCE,ZIP OR POSTAL CODE,PRICE,BEDS,BATHS,LOCATION,SQUARE FEET,LOT SIZE,YEAR BUILT,DAYS ON MARKET,$/SQUARE FEET,HOA/MONTH,STATUS,NEXT OPEN HOUSE START TIME,NEXT OPEN HOUSE END TIME,URL,SOURCE,MLS#,FAVORITE,INTERESTED,LATITUDE,LONGITUDE
PAST SALE,April-24-2023,Condo/Co-op,2030 13th Ave W #202,Seattle,WA,98119,645000.0,2.0,2.0,Queen Anne,1368.0,,1978.0,,471.0,588.0,Sold,,,https://www.redfin.com/WA/Seattle/2030-13th-Ave-W-98119/unit-202/home/16867,NWMLS as Distributed by MLS Grid,2043316.0,N,Y,47.6375889,-122.3735321
PAST SALE,January-4-2023,Single Family Residential,1606 3rd Ave W,Seattle,WA,98119,1345000.0,5.0,3.0,Queen Anne,2870.0,3600.0,1912.0,,469.0,,Sold,,,https://www.redfin.com/WA/Seattle/1606-3rd-Ave-W-98119/home/134533,NWMLS as Distributed by MLS Grid,2019311.0,N,Y,47.6338506,-122.3607629
PAST SALE,April-18-2023,Condo/Co-op,348 W Olympic Pl #303,Seattle,WA,98119,899950.0,2.0,1.0,Queen Anne,1300.0,,1929.0,,692.0,979.0,Sold,,,https://www.redfin.com/WA/Seattle/348-W-Olympic-Pl-98119/unit-303/home/72034,NWMLS as Distributed by MLS Grid,2046920.0,N,Y,47.6269998,-122.3627728
PAST SALE,April-20-2023,Condo/Co-op,275 W Roy St #310,Seattle,WA,98119,415000.0,1.0,1.0,Queen Anne,598.0,,1982.0,,694.0,437.0,Sold,,,https://www.redfin.com/WA/Seattle/275-W-Roy-St-98119/unit-310/home/4921,NWMLS as Distributed by MLS Grid,2039809.0,N,Y,47.6255231,-122.3599262
PAST SALE,September-29-2023,Condo/Co-op,3030 14th Ave W #301,Seattle,WA,98119,615000.0,2.0,2.0,Queen Anne,1029.0,,1979.0,,598.0,583.0,Sold,,,https://www.redfin.com/WA/Seattle/3030-14th-Ave-W-98119/unit-301/home/21557,NWMLS as Distributed by MLS Grid,2157401.0,N,Y,47.6475453,-122.3745959
PAST SALE,August-14-2023,Condo/Co-op,2625 13th Ave W #305,Seattle,WA,98119,550000.0,2.0,2.0,Queen Anne,1019.0,,1977.0,,540.0,527.0,Sold,,,https://www.redfin.com/WA/Seattle/2625-13th-Ave-W-98119/unit-305/home/12982,NWMLS as Distributed by MLS Grid,2133701.0,N,Y,47.6436594,-122.3744894
PAST SALE,August-17-2023,Single Family Residential,1940 9th Ave W,Seattle,WA,98119,1375000.0,3.0,3.5,Queen Anne,2000.0,2558.0,2002.0,,688.0,,Sold,,,https://www.redfin.com/WA/Seattle/1940-9th-Ave-W-98119/home/134799,NWMLS as Distributed by MLS Grid,2128662.0,N,Y,47.6371412,-122.3686635
PAST SALE,December-14-2022,Condo/Co-op,348 W Olympic Pl #107,Seattle,WA,98119,460000.0,1.0,1.0,Queen Anne,651.0,,1929.0,,707.0,490.0,Sold,,,https://www.redfin.com/WA/Seattle/348-W-Olympic-Pl-98119/unit-107/home/69454,NWMLS as Distributed by MLS Grid,2017602.0,N,Y,47.6269998,-122.3627728
PAST SALE,April-10-2023,Townhouse,1519 5th Ave W #2,Seattle,WA,98119,549995.0,2.0,1.0,Queen Anne,814.0,1208.0,1956.0,,676.0,1130.0,Sold,,,https://www.redfin.com/WA/Seattle/1519-5th-Ave-W-98119/unit-2/home/12092793,NWMLS as Distributed by MLS Grid,2038442.0,N,Y,47.6329535,-122.3641493
PAST SALE,September-8-2023,Single Family Residential,3032 11th Ave W,Seattle,WA,98119,900000.0,3.0,2.0,Queen Anne,1640.0,5000.0,1922.0,,549.0,,Sold,,,https://www.redfin.com/WA/Seattle/3032-11th-Ave-W-98119/home/131586,NWMLS as Distributed by MLS Grid,2144269.0,N,Y,47.6478381,-122.3712922
PAST SALE,June-29-2023,Condo/Co-op,2034 14th Ave W #301,Seattle,WA,98119,475000.0,2.0,2.0,Queen Anne,882.0,,1979.0,,539.0,609.0,Sold,,,https://www.redfin.com/WA/Seattle/2034-14th-Ave-W-98119/unit-301/home/66540,NWMLS as Distributed by MLS Grid,2067134.0,N,Y,47.6377673,-122.3746213
PAST SALE,November-14-2022,Condo/Co-op,415 W Mercer St #301,Seattle,WA,98119,450000.0,2.0,2.0,Queen Anne,1188.0,,1963.0,,379.0,626.0,Sold,,,https://www.redfin.com/WA/Seattle/415-W-Mercer-St-98119/unit-301/home/31235,NWMLS as Distributed by MLS Grid,1997838.0,N,Y,47.6244152,-122.3629618
PAST SALE,September-6-2023,Condo/Co-op,2530 15th Ave W #301,Seattle,WA,98119,385000.0,1.0,1.0,Queen Anne,778.0,,2000.0,,495.0,716.0,Sold,,,https://www.redfin.com/WA/Seattle/2530-15th-Ave-W-98119/unit-301/home/2486,NWMLS as Distributed by MLS Grid,2131305.0,N,Y,47.6416973,-122.3757786
PAST SALE,,Multi-Family (2-4 Unit),3032 4th Ave W,Seattle,WA,98119,856500.0,2.0,1.0,,1990.0,3810.0,1910.0,,430.0,,,,,https://www.redfin.com/WA/Seattle/3032-4th-Ave-W-98119/home/130185,,,N,Y,47.6476488,-122.3618425
PAST SALE,July-6-2023,Condo/Co-op,3420 15th Ave W #102,Seattle,WA,98119,339450.0,1.0,1.0,Queen Anne,609.0,,1960.0,,557.0,376.0,Sold,,,https://www.redfin.com/WA/Seattle/3420-15th-Ave-W-98119/unit-102/home/2118806,NWMLS as Distributed by MLS Grid,2056835.0,N,Y,47.6511812,-122.375772
PAST SALE,March-6-2023,Condo/Co-op,3608 14th Ave W #302,Seattle,WA,98119,419900.0,1.0,1.0,Queen Anne,660.0,,1967.0,,636.0,295.0,Sold,,,https://www.redfin.com/WA/Seattle/3608-14th-Ave-W-98119/unit-302/home/12092944,NWMLS as Distributed by MLS Grid,2018389.0,N,Y,47.652461,-122.374587
PAST SALE,June-30-2023,Condo/Co-op,521 5th Ave W #202,Seattle,WA,98119,540000.0,1.0,1.0,Queen Anne,908.0,,1963.0,,595.0,651.0,Sold,,,https://www.redfin.com/WA/Seattle/521-5th-Ave-W-98119/unit-202/home/58089,NWMLS as Distributed by MLS Grid,2033963.0,N,Y,47.6238554,-122.3635937
PAST SALE,,Single Family Residential,1611 5th Ave W,Seattle,WA,98119,1128000.0,2.0,1.0,,1360.0,3600.0,1903.0,,829.0,,,,,https://www.redfin.com/WA/Seattle/1611-5th-Ave-W-98119/home/135003,,,N,Y,47.6339492,-122.3639903
PAST SALE,May-22-2023,Condo/Co-op,1817 11th Ave W Unit A,Seattle,WA,98119,860000.0,3.0,2.0,Queen Anne,1376.0,,1988.0,,625.0,365.0,Sold,,,https://www.redfin.com/WA/Seattle/1817-11th-Ave-W-98119/unit-A/home/67358,NWMLS as Distributed by MLS Grid,2071679.0,N,Y,47.6351955,-122.3719777
PAST SALE,March-23-2023,Single Family Residential,1933 7th Ave W,Seattle,WA,98119,1000000.0,4.0,1.5,Queen Anne,3090.0,4600.0,1903.0,,324.0,,Sold,,,https://www.redfin.com/WA/Seattle/1933-7th-Ave-W-98119/home/134960,NWMLS as Distributed by MLS Grid,2048689.0,N,Y,47.6369144,-122.3666671
PAST SALE,October-12-2023,Condo/Co-op,3053 14th Ave W #201,Seattle,WA,98119,395000.0,2.0,1.0,Queen Anne,873.0,,1977.0,,452.0,374.0,Sold,,,https://www.redfin.com/WA/Seattle/3053-14th-Ave-W-98119/unit-201/home/23892,NWMLS as Distributed by MLS Grid,2171359.0,N,Y,47.6481359,-122.3752366
PAST SALE,November-15-2022,Single Family Residential,1510 11th Ave W,Seattle,WA,98119,2300000.0,5.0,4.0,Queen Anne,3123.0,3600.0,1909.0,,736.0,,Sold,,,https://www.redfin.com/WA/Seattle/1510-11th-Ave-W-98119/home/133007,NWMLS as Distributed by MLS Grid,2017482.0,N,Y,47.6327157,-122.3714189
PAST SALE,December-1-2022,Single Family Residential,1908 7th Ave W,Seattle,WA,98119,4000000.0,5.0,4.5,Queen Anne,5704.0,7200.0,1931.0,,701.0,,Sold,,,https://www.redfin.com/WA/Seattle/1908-7th-Ave-W-98119/home/133759,NWMLS as Distributed by MLS Grid,2020873.0,N,Y,47.6362864,-122.3659419
PAST SALE,,Condo/Co-op,301 W Raye St #105,Seattle,WA,98119,443000.0,2.0,1.5,,756.0,,1987.0,,586.0,,,,,https://www.redfin.com/WA/Seattle/301-W-Raye-St-98119/unit-105/home/2066107,,,N,Y,47.6430345,-122.3612229
PAST SALE,June-29-2023,Single Family Residential,2601 12th Ave W,Seattle,WA,98119,2635000.0,5.0,3.5,Queen Anne,3700.0,6500.0,2016.0,,712.0,,Sold,,,https://www.redfin.com/WA/Seattle/2601-12th-Ave-W-98119/home/130961,NWMLS as Distributed by MLS Grid,2133475.0,N,Y,47.6431202,-122.3729345
PAST SALE,,Single Family Residential,3450 13th Ave W,Seattle,WA,98119,1140430.0,4.0,2.5,,2000.0,5998.0,2001.0,,570.0,,,,,https://www.redfin.com/WA/Seattle/3450-13th-Ave-W-98119/home/129524,,,N,Y,47.6518726,-122.3733099
PAST SALE,March-17-2023,Single Family Residential,1911 6th Ave W,Seattle,WA,98119,3075000.0,5.0,4.5,Queen Anne,3670.0,7200.0,2022.0,,838.0,,Sold,,,https://www.redfin.com/WA/Seattle/1911-6th-Ave-W-98119/home/133596,NWMLS as Distributed by MLS Grid,2033008.0,N,Y,47.6362978,-122.3653625
PAST SALE,August-11-2023,Single Family Residential,109 W Boston St,Seattle,WA,98119,900000.0,3.0,2.0,Queen Anne,1760.0,2700.0,1926.0,,511.0,,Sold,,,https://www.redfin.com/WA/Seattle/109-W-Boston-St-98119/home/134857,NWMLS as Distributed by MLS Grid,2150546.0,N,Y,47.6381977,-122.3587977
PAST SALE,,Condo/Co-op,2221 Gilman Dr W #404,Seattle,WA,98119,629950.0,2.0,2.0,,1203.0,,1977.0,,524.0,,,,,https://www.redfin.com/WA/Seattle/2221-Gilman-Dr-W-98119/unit-404/home/52679,,,N,Y,47.6389431,-122.3735927
PAST SALE,March-17-2023,Condo/Co-op,2821 2nd Ave #802,Seattle,WA,98121,820000.0,2.0,2.0,Belltown,1371.0,,1982.0,,598.0,1915.0,Sold,,,https://www.redfin.com/WA/Seattle/2821-2nd-Ave-98121/unit-802/home/7955,NWMLS as Distributed by MLS Grid,2046945.0,N,Y,47.629517,-122.370021
PAST SALE,January-17-2023,Single Family Residential,315 W Smith St,Seattle,WA,98119,1700000.0,5.0,3.5,Queen Anne,2860.0,2400.0,2013.0,,594.0,,Sold,,,https://www.redfin.com/WA/Seattle/315-W-Smith-St-98119/home/130533,NWMLS as Distributed by MLS Grid,2028694.0,N,Y,47.6412308,-122.3617114
PAST SALE,May-5-2023,Single Family Residential,1942 10th Ave W,Seattle,WA,98119,1500000.0,3.0,2.5,Queen Anne,1914.0,1676.0,2018.0,,784.0,,Sold,,,https://www.redfin.com/WA/Seattle/1942-10th-Ave-W-98119/home/113996419,NWMLS as Distributed by MLS Grid,2055888.0,N,Y,47.6371794,-122.3699001
PAST SALE,May-19-2023,Condo/Co-op,521 5th Ave W #1002,Seattle,WA,98119,950000.0,2.0,2.0,Queen Anne,1305.0,,1963.0,,728.0,936.0,Sold,,,https://www.redfin.com/WA/Seattle/521-5th-Ave-W-98119/unit-1002/home/16309,NWMLS as Distributed by MLS Grid,2070681.0,N,Y,47.6238554,-122.3635937
PAST SALE,May-16-2023,Single Family Residential,1607 1st Ave W,Seattle,WA,98119,2875000.0,4.0,4.5,Queen Anne,3352.0,3600.0,2023.0,,858.0,,Sold,,,https://www.redfin.com/WA/Seattle/1607-1st-Ave-W-98119/home/132741,NWMLS as Distributed by MLS Grid,2059129.0,N,Y,47.6338461,-122.3586045
PAST SALE,January-13-2023,Single Family Residential,1524 5th Ave W Unit B,Seattle,WA,98119,769950.0,2.0,2.5,Queen Anne,1000.0,604.0,2022.0,,770.0,34.0,Sold,,,https://www.redfin.com/WA/Seattle/1524-5th-Ave-W-98119/unit-B/home/183384709,NWMLS as Distributed by MLS Grid,2022405.0,N,Y,47.6331126,-122.3633905
PAST SALE,May-26-2023,Condo/Co-op,2048 13th Ave W #3,Seattle,WA,98119,432000.0,1.0,1.0,Queen Anne,691.0,8400.0,1998.0,,625.0,346.0,Sold,,,https://www.redfin.com/WA/Seattle/2048-13th-Ave-W-98119/unit-3/home/70931,NWMLS as Distributed by MLS Grid,2058274.0,N,Y,47.6382574,-122.3736116
PAST SALE,February-7-2023,Single Family Residential,2540 12th Ave W,Seattle,WA,98119,865000.0,2.0,1.5,Queen Anne,2291.0,4000.0,1911.0,,378.0,,Sold,,,https://www.redfin.com/WA/Seattle/2540-12th-Ave-W-98119/home/130270,NWMLS as Distributed by MLS Grid,2028565.0,N,Y,47.6418025,-122.3722221
PAST SALE,July-31-2023,Condo/Co-op,701 3rd Ave W #715,Seattle,WA,98119,490000.0,2.0,1.0,Queen Anne,794.0,,1953.0,,617.0,466.0,Sold,,,https://www.redfin.com/WA/Seattle/701-3rd-Ave-W-98119/unit-715/home/66140,NWMLS as Distributed by MLS Grid,2137838.0,N,Y,47.6261384,-122.3610304
PAST SALE,November-3-2022,Condo/Co-op,507 W Mercer St #201,Seattle,WA,98119,324000.0,1.0,1.0,Queen Anne,534.0,,1963.0,,607.0,444.0,Sold,,,https://www.redfin.com/WA/Seattle/507-W-Mercer-St-98119/unit-201/home/18217,NWMLS as Distributed by MLS Grid,2003656.0,N,Y,47.6243835,-122.3638205
PAST SALE,January-11-2023,Single Family Residential,1524 5th Ave W Unit A,Seattle,WA,98119,1410000.0,4.0,3.5,Queen Anne,1912.0,1493.0,2022.0,,737.0,34.0,Sold,,,https://www.redfin.com/WA/Seattle/1524-5th-Ave-W-98119/unit-A/home/183480421,NWMLS as Distributed by MLS Grid,2021784.0,N,Y,47.6331126,-122.3633905
PAST SALE,November-28-2022,Condo/Co-op,520 2nd Ave W #402,Seattle,WA,98119,399000.0,1.0,1.0,Queen Anne,620.0,,1992.0,,644.0,520.0,Sold,,,https://www.redfin.com/WA/Seattle/520-2nd-Ave-W-98119/unit-402/home/63961,NWMLS as Distributed by MLS Grid,2008752.0,N,Y,47.6240552,-122.3590219
PAST SALE,October-16-2023,Single Family Residential,415 W Blaine St,Seattle,WA,98119,1425000.0,5.0,2.5,Queen Anne,2860.0,2800.0,1906.0,,498.0,,Sold,,,https://www.redfin.com/WA/Seattle/415-W-Blaine-St-98119/home/132811,NWMLS as Distributed by MLS Grid,2160666.0,N,Y,47.6346029,-122.3631308
PAST SALE,November-17-2022,Condo/Co-op,507 W Mercer St #704,Seattle,WA,98119,360000.0,1.0,1.0,Queen Anne,728.0,,1963.0,,495.0,606.0,Sold,,,https://www.redfin.com/WA/Seattle/507-W-Mercer-St-98119/unit-704/home/52925,NWMLS as Distributed by MLS Grid,2009331.0,N,Y,47.6243835,-122.3638205
PAST SALE,February-15-2023,Single Family Residential,816 W Blaine St,Seattle,WA,98119,2250000.0,3.0,2.5,Queen Anne,3470.0,3600.0,1925.0,,648.0,,Sold,,,https://www.redfin.com/WA/Seattle/816-W-Blaine-St-98119/home/132378,NWMLS as Distributed by MLS Grid,2028708.0,N,Y,47.6349502,-122.368547
PAST SALE,November-10-2022,Condo/Co-op,2219 14th Ave W #202,Seattle,WA,98119,309000.0,1.0,1.0,Queen Anne,760.0,,1978.0,,407.0,432.0,Sold,,,https://www.redfin.com/WA/Seattle/2219-14th-Ave-W-98119/unit-202/home/5764,NWMLS as Distributed by MLS Grid,1999512.0,N,Y,47.6394034,-122.3753541
PAST SALE,October-6-2023,Single Family Residential,1814 4th Ave W,Seattle,WA,98119,1500000.0,3.0,1.0,Queen Anne,2780.0,4800.0,1907.0,,540.0,,Sold,,,https://www.redfin.com/WA/Seattle/1814-4th-Ave-W-98119/home/133805,NWMLS as Distributed by MLS Grid,2158199.0,N,Y,47.6352228,-122.3619924
PAST SALE,September-19-2023,Single Family Residential,827 W Fulton St,Seattle,WA,98119,910000.0,3.0,1.0,Queen Anne,1050.0,4388.0,1924.0,,867.0,,Sold,,,https://www.redfin.com/WA/Seattle/827-W-Fulton-St-98119/home/131326,NWMLS as Distributed by MLS Grid,2153521.0,N,Y,47.6456619,-122.3688185
PAST SALE,April-26-2023,Condo/Co-op,275 W Roy St #304,Seattle,WA,98119,405000.0,1.0,1.0,Queen Anne,598.0,,1982.0,,677.0,438.0,Sold,,,https://www.redfin.com/WA/Seattle/275-W-Roy-St-98119/unit-304/home/63679,NWMLS as Distributed by MLS Grid,2045022.0,N,Y,47.6255231,-122.3599262
PAST SALE,March-27-2023,Single Family Residential,2135 6th Ave W,Seattle,WA,98119,1015000.0,3.0,1.0,Queen Anne,2480.0,7200.0,1951.0,,409.0,,Sold,,,https://www.redfin.com/WA/Seattle/2135-6th-Ave-W-98119/home/134780,NWMLS as Distributed by MLS Grid,2034487.0,N,Y,47.6388061,-122.3652886
PAST SALE,September-1-2023,Condo/Co-op,530 W Olympic Pl #107,Seattle,WA,98119,518000.0,2.0,1.0,Queen Anne,864.0,,1949.0,,600.0,654.0,Sold,,,https://www.redfin.com/WA/Seattle/530-W-Olympic-Pl-98119/unit-107/home/44954,NWMLS as Distributed by MLS Grid,2150888.0,N,Y,47.6273151,-122.3644469
PAST SALE,March-9-2023,Condo/Co-op,530 W Olympic Pl #408,Seattle,WA,98119,391000.0,1.0,1.0,Queen Anne,653.0,,1949.0,,599.0,621.0,Sold,,,https://www.redfin.com/WA/Seattle/530-W-Olympic-Pl-98119/unit-408/home/53906,NWMLS as Distributed by MLS Grid,2036649.0,N,Y,47.6273151,-122.3644469
PAST SALE,May-22-2023,Condo/Co-op,348 W Olympic Pl #206,Seattle,WA,98119,855000.0,2.0,1.0,Queen Anne,1078.0,,1929.0,,793.0,811.0,Sold,,,https://www.redfin.com/WA/Seattle/348-W-Olympic-Pl-98119/unit-206/home/5820,NWMLS as Distributed by MLS Grid,2060719.0,N,Y,47.6269998,-122.3627728
PAST SALE,November-10-2022,Single Family Residential,811 W Blaine St,Seattle,WA,98119,1795000.0,3.0,3.5,Queen Anne,2480.0,2400.0,1914.0,,724.0,,Sold,,,https://www.redfin.com/WA/Seattle/811-W-Blaine-St-98119/home/134518,NWMLS as Distributed by MLS Grid,2007682.0,N,Y,47.6345337,-122.3682534
PAST SALE,January-11-2023,Single Family Residential,1524 5th Ave W Unit C,Seattle,WA,98119,779950.0,2.0,2.5,Queen Anne,1000.0,590.0,2022.0,,780.0,34.0,Sold,,,https://www.redfin.com/WA/Seattle/1524-5th-Ave-W-98119/unit-C/home/183294792,NWMLS as Distributed by MLS Grid,2021785.0,N,Y,47.6331126,-122.3633905
PAST SALE,November-14-2022,Single Family Residential,1009 W Armour St,Seattle,WA,98119,1300000.0,3.0,2.5,Queen Anne,2620.0,4080.0,1908.0,,496.0,,Sold,,,https://www.redfin.com/WA/Seattle/1009-W-Armour-St-98119/home/130538,NWMLS as Distributed by MLS Grid,2007495.0,N,Y,47.6448368,-122.3707201
PAST SALE,July-25-2023,Single Family Residential,1923 5th Ave W,Seattle,WA,98119,2600000.0,4.0,3.5,Queen Anne,3290.0,3600.0,1907.0,,790.0,,Sold,,,https://www.redfin.com/WA/Seattle/1923-5th-Ave-W-98119/home/135082,NWMLS as Distributed by MLS Grid,2136520.0,N,Y,47.6366378,-122.3640135
PAST SALE,November-1-2022,Single Family Residential,1949 3rd Ave W,Seattle,WA,98119,1015000.0,2.0,1.0,Queen Anne,1900.0,3600.0,1906.0,,534.0,,Sold,,,https://www.redfin.com/WA/Seattle/1949-3rd-Ave-W-98119/home/133330,NWMLS as Distributed by MLS Grid,1998295.0,N,Y,47.6373817,-122.3612484
PAST SALE,April-26-2023,Single Family Residential,516 W Smith St,Seattle,WA,98119,1329000.0,4.0,2.5,Queen Anne,2630.0,2568.0,1910.0,,505.0,,Sold,,,https://www.redfin.com/WA/Seattle/516-W-Smith-St-98119/home/129598,NWMLS as Distributed by MLS Grid,2045275.0,N,Y,47.6415987,-122.364337
PAST SALE,February-28-2023,Condo/Co-op,2244 13th Ave W #204,Seattle,WA,98119,385000.0,1.0,1.0,Queen Anne,605.0,,1990.0,,636.0,516.0,Sold,,,https://www.redfin.com/WA/Seattle/2244-13th-Ave-W-98119/unit-204/home/35253,NWMLS as Distributed by MLS Grid,2033928.0,N,Y,47.6397039,-122.3733337
PAST SALE,July-7-2023,Single Family Residential,2915 4th Ave W,Seattle,WA,98119,1538888.0,4.0,2.5,Queen Anne,2400.0,4902.0,1988.0,,641.0,,Sold,,,https://www.redfin.com/WA/Seattle/2915-4th-Ave-W-98119/home/130866,NWMLS as Distributed by MLS Grid,2125296.0,N,Y,47.6462995,-122.362724
PAST SALE,February-9-2023,Condo/Co-op,500 5th Ave W #502,Seattle,WA,98119,416000.0,1.0,1.0,Queen Anne,649.0,,1968.0,,641.0,490.0,Sold,,,https://www.redfin.com/WA/Seattle/500-5th-Ave-W-98119/unit-502/home/12537471,NWMLS as Distributed by MLS Grid,2027533.0,N,Y,47.6236113,-122.362813
PAST SALE,November-22-2022,Townhouse,105 W Comstock St,Seattle,WA,98119,1700000.0,3.0,2.5,Queen Anne,2168.0,,1998.0,,784.0,1076.0,Sold,,,https://www.redfin.com/WA/Seattle/105-W-Comstock-St-98119/home/16975,NWMLS as Distributed by MLS Grid,2009360.0,N,Y,47.630013,-122.3585675
PAST SALE,October-11-2023,Condo/Co-op,1909 10th Ave W #207,Seattle,WA,98119,385000.0,1.0,1.0,Queen Anne,537.0,,2002.0,,717.0,358.0,Sold,,,https://www.redfin.com/WA/Seattle/1909-10th-Ave-W-98119/unit-207/home/51294,NWMLS as Distributed by MLS Grid,2166791.0,N,Y,47.6362979,-122.3706418
PAST SALE,November-7-2022,Single Family Residential,405 W McGraw Pl,Seattle,WA,98119,850000.0,4.0,1.5,Queen Anne,2770.0,3038.0,1928.0,,307.0,,Sold,,,https://www.redfin.com/WA/Seattle/405-W-McGraw-Pl-98119/home/130158,NWMLS as Distributed by MLS Grid,2005446.0,N,Y,47.6402833,-122.3627849
PAST SALE,July-18-2023,Single Family Residential,1811 9th Ave W,Seattle,WA,98119,2302000.0,4.0,3.5,Queen Anne,3050.0,3600.0,2003.0,,755.0,,Sold,,,https://www.redfin.com/WA/Seattle/1811-9th-Ave-W-98119/home/133381,NWMLS as Distributed by MLS Grid,2128528.0,N,Y,47.6351388,-122.3693068
PAST SALE,June-30-2023,Single Family Residential,1617 3rd Ave W,Seattle,WA,98119,1399000.0,3.0,2.5,Queen Anne,1908.0,3600.0,2023.0,,733.0,60.0,Sold,,,https://www.redfin.com/WA/Seattle/1617-3rd-Ave-W-98119/unit-B/home/132538,NWMLS as Distributed by MLS Grid,2127041.0,N,Y,47.6340894,-122.3613638
PAST SALE,August-25-2023,Single Family Residential,3012 14th Ave W,Seattle,WA,98119,1139050.0,4.0,3.5,Queen Anne,1830.0,1326.0,2022.0,,622.0,,Sold,,,https://www.redfin.com/WA/Seattle/3012-14th-Ave-W-98119/home/129181,NWMLS as Distributed by MLS Grid,2142698.0,N,Y,47.6470712,-122.3744007
PAST SALE,,Single Family Residential,2575 8th Ave W,Seattle,WA,98119,1000000.0,2.0,1.0,,990.0,6084.0,1919.0,,1010.0,,,,,https://www.redfin.com/WA/Seattle/2575-8th-Ave-W-98119/home/131253,,,N,Y,47.642809,-122.3680826
PAST SALE,May-26-2023,Condo/Co-op,1530 10th Ave W #1532,Seattle,WA,98119,650000.0,2.0,2.0,Queen Anne,1354.0,,1976.0,,480.0,482.0,Sold,,,https://www.redfin.com/WA/Seattle/1530-10th-Ave-W-98119/unit-1532/home/47722,NWMLS as Distributed by MLS Grid,2054402.0,N,Y,47.6332972,-122.3700024
PAST SALE,April-17-2023,Townhouse,2116 A 9th Ave W,Seattle,WA,98119,1285000.0,3.0,2.5,Queen Anne,1593.0,1366.0,2021.0,,807.0,,Sold,,,https://www.redfin.com/WA/Seattle/2116-9th-Ave-W-98119/home/179845979,NWMLS as Distributed by MLS Grid,2041968.0,N,Y,47.6383023,-122.3686515
PAST SALE,August-29-2023,Townhouse,2615 3rd Ave W Unit D,Seattle,WA,98119,974999.0,3.0,3.5,Queen Anne,1319.0,1738.0,2019.0,,739.0,,Sold,,,https://www.redfin.com/WA/Seattle/2615-3rd-Ave-W-98119/unit-D/home/130992,NWMLS as Distributed by MLS Grid,2139975.0,N,Y,47.6437585,-122.3612474
PAST SALE,July-14-2023,Single Family Residential,1617 3rd Ave W Unit B,Seattle,WA,98119,854000.0,2.0,2.0,Queen Anne,1054.0,3600.0,2023.0,,810.0,60.0,Sold,,,https://www.redfin.com/WA/Seattle/1617-3rd-Ave-W-98119/unit-B/home/185805223,NWMLS as Distributed by MLS Grid,2128967.0,N,Y,47.6340968,-122.3613128
PAST SALE,June-16-2023,Condo/Co-op,2034 14th Ave W #304,Seattle,WA,98119,327000.0,1.0,1.0,Queen Anne,527.0,,1979.0,,620.0,302.0,Sold,,,https://www.redfin.com/WA/Seattle/2034-14th-Ave-W-98119/unit-304/home/58913,NWMLS as Distributed by MLS Grid,2069474.0,N,Y,47.6377673,-122.3746213
PAST SALE,February-7-2023,Single Family Residential,1611 10th Ave W #2,Seattle,WA,98119,695000.0,2.0,1.5,Queen Anne,861.0,1830.0,2022.0,,807.0,6.0,Sold,,,https://www.redfin.com/WA/Seattle/1611-10th-Ave-W-98119/unit-2/home/182641211,NWMLS as Distributed by MLS Grid,2025307.0,N,Y,47.633965,-122.370708
PAST SALE,April-18-2023,Condo/Co-op,530 W Olympic Pl #101,Seattle,WA,98119,650000.0,2.0,2.0,Queen Anne,832.0,,1949.0,,781.0,860.0,Sold,,,https://www.redfin.com/WA/Seattle/530-W-Olympic-Pl-98119/unit-101/home/52295283,NWMLS as Distributed by MLS Grid,2048095.0,N,Y,47.6273151,-122.3644469
PAST SALE,April-20-2023,Single Family Residential,312 W McGraw Pl,Seattle,WA,98119,907000.0,3.0,1.0,Queen Anne,1980.0,1720.0,1910.0,,458.0,,Sold,,,https://www.redfin.com/WA/Seattle/312-W-McGraw-Pl-98119/home/130873,NWMLS as Distributed by MLS Grid,2049886.0,N,Y,47.6399892,-122.3615047
PAST SALE,October-6-2023,Single Family Residential,823 W Cremona St,Seattle,WA,98119,1150000.0,3.0,2.0,Queen Anne,2240.0,8000.0,1952.0,,513.0,,Sold,,,https://www.redfin.com/WA/Seattle/823-W-Cremona-St-98119/home/131161,NWMLS as Distributed by MLS Grid,2160733.0,N,Y,47.6489607,-122.3684139
PAST SALE,October-11-2023,Single Family Residential,1315 3rd Ave W,Seattle,WA,98119,1880000.0,3.0,2.5,Queen Anne,2560.0,8157.0,1908.0,,734.0,,Sold,,,https://www.redfin.com/WA/Seattle/1315-3rd-Ave-W-98119/home/133588,NWMLS as Distributed by MLS Grid,2158111.0,N,Y,47.6309811,-122.3608966
PAST SALE,May-30-2023,Condo/Co-op,275 W Roy St #308,Seattle,WA,98119,402000.0,1.0,1.0,Queen Anne,585.0,,1982.0,,687.0,429.0,Sold,,,https://www.redfin.com/WA/Seattle/275-W-Roy-St-98119/unit-308/home/4919,NWMLS as Distributed by MLS Grid,2060908.0,N,Y,47.6255231,-122.3599262
PAST SALE,,Condo/Co-op,521 5th Ave W Unit 9-3,Seattle,WA,98119,658000.0,2.0,2.0,,1070.0,,1963.0,,615.0,,,,,https://www.redfin.com/WA/Seattle/521-5th-Ave-W-98119/unit-9-3/home/4712,,,N,Y,47.624018,-122.3633886
PAST SALE,February-24-2023,Single Family Residential,206 W Garfield St,Seattle,WA,98119,1517000.0,3.0,3.0,Queen Anne,2530.0,2400.0,1923.0,,600.0,,Sold,,,https://www.redfin.com/WA/Seattle/206-W-Garfield-St-98119/home/132353,NWMLS as Distributed by MLS Grid,2031962.0,N,Y,47.633723,-122.3600809
PAST SALE,August-11-2023,Single Family Residential,2832 13th Ave W,Seattle,WA,98119,790000.0,2.0,1.0,Queen Anne,2120.0,5778.0,1928.0,,373.0,,Sold,,,https://www.redfin.com/WA/Seattle/2832-13th-Ave-W-98119/home/131578,NWMLS as Distributed by MLS Grid,2137260.0,N,Y,47.6457453,-122.3733065
PAST SALE,July-21-2023,Condo/Co-op,17 W Mercer St #305,Seattle,WA,98119,825000.0,2.0,2.0,Queen Anne,1402.0,,2002.0,,588.0,914.0,Sold,,,https://www.redfin.com/WA/Seattle/17-W-Mercer-St-98119/unit-305/home/68424,NWMLS as Distributed by MLS Grid,2127506.0,N,Y,47.6244312,-122.357496
PAST SALE,June-30-2023,Single Family Residential,425 W Howe St,Seattle,WA,98119,1870000.0,4.0,3.5,Queen Anne,2370.0,2400.0,1916.0,,789.0,,Sold,,,https://www.redfin.com/WA/Seattle/425-W-Howe-St-98119/home/134106,NWMLS as Distributed by MLS Grid,2077969.0,N,Y,47.6357872,-122.3634505
PAST SALE,March-10-2023,Single Family Residential,2907 9th Ave W,Seattle,WA,98119,880000.0,4.0,2.0,Queen Anne,2800.0,4500.0,1908.0,,314.0,,Sold,,,https://www.redfin.com/WA/Seattle/2907-9th-Ave-W-98119/home/130913,NWMLS as Distributed by MLS Grid,2038155.0,N,Y,47.6461926,-122.369717
PAST SALE,April-6-2023,Townhouse,3437 14th Ave W Unit B,Seattle,WA,98119,970000.0,3.0,2.5,Queen Anne,2097.0,1250.0,2010.0,,463.0,,Sold,,,https://www.redfin.com/WA/Seattle/3437-14th-Ave-W-98119/unit-B/home/28474015,NWMLS as Distributed by MLS Grid,2037393.0,N,Y,47.6514534,-122.3751262
PAST SALE,April-27-2023,Single Family Residential,1951 5th Ave W,Seattle,WA,98119,910500.0,2.0,1.0,Queen Anne,1280.0,3600.0,1904.0,,711.0,,Sold,,,https://www.redfin.com/WA/Seattle/1951-5th-Ave-W-98119/home/135078,NWMLS as Distributed by MLS Grid,2050822.0,N,Y,47.6374692,-122.3639582
PAST SALE,May-23-2023,Single Family Residential,3401 13th Ave W,Seattle,WA,98119,1250000.0,3.0,2.0,Queen Anne,2400.0,6000.0,1953.0,,521.0,,Sold,,,https://www.redfin.com/WA/Seattle/3401-13th-Ave-W-98119/home/129448,NWMLS as Distributed by MLS Grid,2057774.0,N,Y,47.6505288,-122.3739013
PAST SALE,November-17-2022,Single Family Residential,2711 Queen Anne Ave N,Seattle,WA,98109,850000.0,2.0,1.0,Queen Anne,1660.0,4800.0,1924.0,,512.0,,Sold,,,https://www.redfin.com/WA/Seattle/2711-Queen-Anne-Ave-N-98109/home/130297,NWMLS as Distributed by MLS Grid,2008654.0,N,Y,47.6444973,-122.3571633
PAST SALE,April-13-2023,Single Family Residential,400 W McGraw Pl,Seattle,WA,98119,945000.0,2.0,3.0,Queen Anne,1660.0,813.0,1920.0,,569.0,,Sold,,,https://www.redfin.com/WA/Seattle/400-W-McGraw-Pl-98119/home/131280,NWMLS as Distributed by MLS Grid,2044789.0,N,Y,47.6405421,-122.3624683
PAST SALE,February-23-2023,Single Family Residential,3284 Conkling Pl W,Seattle,WA,98119,1210000.0,3.0,1.0,Queen Anne,2340.0,5000.0,1927.0,,517.0,,Sold,,,https://www.redfin.com/WA/Seattle/3284-Conkling-Pl-W-98119/home/131014,NWMLS as Distributed by MLS Grid,2027001.0,N,Y,47.6501645,-122.3693523
PAST SALE,June-20-2023,Single Family Residential,405 W Crockett St,Seattle,WA,98119,1520000.0,5.0,3.0,Queen Anne,2348.0,3000.0,1921.0,,647.0,,Sold,,,https://www.redfin.com/WA/Seattle/405-W-Crockett-St-98119/home/133682,NWMLS as Distributed by MLS Grid,2067516.0,N,Y,47.6376034,-122.3627184
PAST SALE,August-21-2023,Single Family Residential,1629 8th Ave W,Seattle,WA,98119,2425000.0,3.0,3.5,Queen Anne,3970.0,3600.0,1905.0,,611.0,,Sold,,,https://www.redfin.com/WA/Seattle/1629-8th-Ave-W-98119/home/133357,NWMLS as Distributed by MLS Grid,2133753.0,N,Y,47.634411,-122.3680833
PAST SALE,May-31-2023,Single Family Residential,2411 Westview Dr W,Seattle,WA,98119,1313000.0,4.0,2.0,Queen Anne,1860.0,2829.0,1925.0,,706.0,,Sold,,,https://www.redfin.com/WA/Seattle/2411-Westview-Dr-W-98119/home/130409,NWMLS as Distributed by MLS Grid,2064288.0,N,Y,47.6399309,-122.3711943
PAST SALE,October-27-2023,Single Family Residential,820 W Armour St,Seattle,WA,98119,1300000.0,3.0,2.0,Queen Anne,1900.0,3000.0,1910.0,,684.0,,Sold,,,https://www.redfin.com/WA/Seattle/820-W-Armour-St-98119/home/130580,NWMLS as Distributed by MLS Grid,2168350.0,N,Y,47.6452772,-122.3685354
PAST SALE,March-6-2023,Condo/Co-op,2253 Gilman Dr W #309,Seattle,WA,98119,519500.0,2.0,2.0,Queen Anne,1046.0,,1980.0,,497.0,706.0,Sold,,,https://www.redfin.com/WA/Seattle/2253-Gilman-Dr-W-98119/unit-309/home/38735,NWMLS as Distributed by MLS Grid,2028184.0,N,Y,47.6398141,-122.3746369
PAST SALE,June-14-2023,Single Family Residential,2818 4th Ave W,Seattle,WA,98119,1387000.0,3.0,4.0,Queen Anne,2290.0,4763.0,1986.0,,606.0,,Sold,,,https://www.redfin.com/WA/Seattle/2818-4th-Ave-W-98119/home/130746,NWMLS as Distributed by MLS Grid,2047397.0,N,Y,47.6455629,-122.3619349
PAST SALE,April-20-2023,Single Family Residential,1223 8th Ave W,Seattle,WA,98119,2195000.0,3.0,2.5,Queen Anne,2890.0,6000.0,1913.0,,760.0,,Sold,,,https://www.redfin.com/WA/Seattle/1223-8th-Ave-W-98119/home/132280,NWMLS as Distributed by MLS Grid,2039748.0,N,Y,47.6306657,-122.3681409
PAST SALE,June-6-2023,Condo/Co-op,2811 14th Ave W #101,Seattle,WA,98119,425000.0,1.0,1.0,Queen Anne,932.0,,1980.0,,456.0,425.0,Sold,,,https://www.redfin.com/WA/Seattle/2811-14th-Ave-W-98119/unit-101/home/62220,NWMLS as Distributed by MLS Grid,2056771.0,N,Y,47.6451739,-122.3752526
PAST SALE,February-14-2023,Single Family Residential,915 W Lee St,Seattle,WA,98119,955000.0,4.0,3.0,Queen Anne,3420.0,3100.0,1926.0,,279.0,,Sold,,,https://www.redfin.com/WA/Seattle/915-W-Lee-St-98119/home/135075,NWMLS as Distributed by MLS Grid,2029418.0,N,Y,47.6308252,-122.3701879
PAST SALE,August-15-2023,Single Family Residential,2527 7th Ave W,Seattle,WA,98119,1475000.0,3.0,3.0,Queen Anne,2760.0,5400.0,1956.0,,534.0,,Sold,,,https://www.redfin.com/WA/Seattle/2527-7th-Ave-W-98119/home/129774,NWMLS as Distributed by MLS Grid,2132016.0,N,Y,47.6414749,-122.3666071
PAST SALE,June-26-2023,Single Family Residential,525 W Kinnear Pl,Seattle,WA,98119,3533000.0,4.0,3.5,Queen Anne,3660.0,7000.0,1921.0,,965.0,,Sold,,,https://www.redfin.com/WA/Seattle/525-W-Kinnear-Pl-98119/home/133214,NWMLS as Distributed by MLS Grid,2071008.0,N,Y,47.6277486,-122.3643533
PAST SALE,,Condo/Co-op,500 W Roy St Unit W206,Seattle,WA,98119,634999.0,2.0,2.0,,1071.0,,1982.0,,593.0,,,,,https://www.redfin.com/WA/Seattle/500-W-Roy-St-98119/unit-W206/home/1078,,,N,Y,47.626056,-122.3634696
PAST SALE,June-20-2023,Condo/Co-op,2244 13th Ave W #310,Seattle,WA,98119,399000.0,1.0,1.0,Queen Anne,625.0,,1990.0,,638.0,537.0,Sold,,,https://www.redfin.com/WA/Seattle/2244-13th-Ave-W-98119/unit-310/home/48024,NWMLS as Distributed by MLS Grid,2068641.0,N,Y,47.6397039,-122.3733337
PAST SALE,February-23-2023,Condo/Co-op,666 W Olympic Pl #401,Seattle,WA,98119,832000.0,2.0,2.0,Queen Anne,1300.0,,1984.0,,640.0,893.0,Sold,,,https://www.redfin.com/WA/Seattle/666-W-Olympic-Pl-98119/unit-401/home/20911,NWMLS as Distributed by MLS Grid,2029944.0,N,Y,47.6282684,-122.366982
PAST SALE,September-14-2023,Single Family Residential,2153 4th Ave W,Seattle,WA,98119,848000.0,2.0,1.0,Seattle,1000.0,3600.0,1906.0,,848.0,,Sold,,,https://www.redfin.com/WA/Seattle/2153-4th-Ave-W-98119/home/132988,NWMLS as Distributed by MLS Grid,2154151.0,N,Y,47.6392969,-122.3626467
PAST SALE,September-13-2023,Condo/Co-op,500 W Roy St #206,Seattle,WA,98119,634999.0,2.0,2.0,Queen Anne,1071.0,,1982.0,,593.0,668.0,Sold,,,https://www.redfin.com/WA/Seattle/500-W-Roy-St-98119/unit-206/home/103951606,NWMLS as Distributed by MLS Grid,2152469.0,N,Y,47.626056,-122.3634696
PAST SALE,March-10-2023,Single Family Residential,2659 9th Ave W,Seattle,WA,98119,957500.0,3.0,1.0,Queen Anne,2280.0,2499.0,1927.0,,420.0,,Sold,,,https://www.redfin.com/WA/Seattle/2659-9th-Ave-W-98119/home/130134,NWMLS as Distributed by MLS Grid,2032062.0,N,Y,47.6438846,-122.3691549
PAST SALE,July-20-2023,Single Family Residential,2536 1st Ave W,Seattle,WA,98119,1750000.0,5.0,3.0,Queen Anne,2660.0,4080.0,1918.0,,658.0,,Sold,,,https://www.redfin.com/WA/Seattle/2536-1st-Ave-W-98119/home/130930,NWMLS as Distributed by MLS Grid,2131759.0,N,Y,47.642539,-122.357938
PAST SALE,July-31-2023,Condo/Co-op,519 W Roy St #314,Seattle,WA,98119,408000.0,1.0,1.0,Queen Anne,668.0,14296.0,1930.0,,611.0,482.0,Sold,,,https://www.redfin.com/WA/Seattle/519-W-Roy-St-98119/unit-314/home/47131,NWMLS as Distributed by MLS Grid,2129655.0,N,Y,47.6255981,-122.3641756
PAST SALE,June-22-2023,Condo/Co-op,1324 W Emerson St #303,Seattle,WA,98119,440000.0,1.0,1.0,Queen Anne,745.0,,1980.0,,591.0,533.0,Sold,,,https://www.redfin.com/WA/Seattle/1324-W-Emerson-St-98119/unit-303/home/18370,NWMLS as Distributed by MLS Grid,2073237.0,N,Y,47.6542576,-122.3745267
PAST SALE,February-17-2023,Condo/Co-op,2253 Gilman Dr W #503,Seattle,WA,98119,515000.0,2.0,2.0,Queen Anne,1051.0,,1980.0,,490.0,750.0,Sold,,,https://www.redfin.com/WA/Seattle/2253-Gilman-Dr-W-98119/unit-503/home/1413,NWMLS as Distributed by MLS Grid,2030784.0,N,Y,47.6398141,-122.3746369
PAST SALE,May-1-2023,Single Family Residential,3040 11th Ave W,Seattle,WA,98119,1505000.0,3.0,3.0,Queen Anne,2610.0,5000.0,2001.0,,577.0,,Sold,,,https://www.redfin.com/WA/Seattle/3040-11th-Ave-W-98119/home/131139,NWMLS as Distributed by MLS Grid,2049771.0,N,Y,47.6481051,-122.3712608
PAST SALE,November-10-2022,Condo/Co-op,2625 W 13th Ave W #303,Seattle,WA,98119,405000.0,1.0,1.0,Queen Anne,700.0,,1977.0,,579.0,376.0,Sold,,,https://www.redfin.com/WA/Seattle/2625-13th-Ave-W-98119/unit-303/home/12986,NWMLS as Distributed by MLS Grid,2006167.0,N,Y,47.6436594,-122.3744894
PAST SALE,June-15-2023,Single Family Residential,1401 8th Ave W,Seattle,WA,98119,2295000.0,4.0,2.5,Queen Anne,3630.0,2880.0,1909.0,,632.0,,Sold,,,https://www.redfin.com/WA/Seattle/1401-8th-Ave-W-98119/home/134356,NWMLS as Distributed by MLS Grid,2060987.0,N,Y,47.6313109,-122.3679971
PAST SALE,July-14-2023,Condo/Co-op,530 4th Ave W #303,Seattle,WA,98119,512000.0,1.0,1.0,Queen Anne,876.0,,2003.0,,584.0,440.0,Sold,,,https://www.redfin.com/WA/Seattle/530-4th-Ave-W-98119/unit-303/home/41366,NWMLS as Distributed by MLS Grid,2068523.0,N,Y,47.6243343,-122.3615298
PAST SALE,August-11-2023,Condo/Co-op,524 6th Ave W #403,Seattle,WA,98119,379950.0,1.0,1.0,Queen Anne,510.0,510.0,1997.0,,745.0,345.0,Sold,,,https://www.redfin.com/WA/Seattle/524-6th-Ave-W-98119/unit-403/home/28458,NWMLS as Distributed by MLS Grid,2141099.0,N,Y,47.6243642,-122.364417
PAST SALE,May-2-2023,Single Family Residential,2434 6th Ave W,Seattle,WA,98119,1868000.0,4.0,3.5,Queen Anne,2970.0,3600.0,2007.0,,629.0,,Sold,,,https://www.redfin.com/WA/Seattle/2434-6th-Ave-W-98119/home/18658599,NWMLS as Distributed by MLS Grid,2048204.0,N,Y,47.6406224,-122.3645565
PAST SALE,May-26-2023,Townhouse,1222 W Emerson St,Seattle,WA,98119,775000.0,2.0,2.0,Queen Anne,1180.0,879.0,2017.0,,657.0,,Sold,,,https://www.redfin.com/WA/Seattle/1222-W-Emerson-St-98119/home/112863697,NWMLS as Distributed by MLS Grid,2060836.0,N,Y,47.6541571,-122.3731217
PAST SALE,September-15-2023,Condo/Co-op,2708 1st Ave W,Seattle,WA,98109,900000.0,2.0,2.0,Queen Anne,1143.0,4600.0,2023.0,,787.0,17.0,Sold,,,https://www.redfin.com/WA/Seattle/2708-1st-Ave-W-98119/home/186787723,NWMLS as Distributed by MLS Grid,2152596.0,N,Y,47.6445227,-122.3576598
PAST SALE,June-15-2023,Single Family Residential,2014 14th Ave W,Seattle,WA,98119,880000.0,4.0,2.0,Queen Anne,2580.0,4200.0,1901.0,,341.0,,Sold,,,https://www.redfin.com/WA/Seattle/2014-14th-Ave-W-98119/home/134281,NWMLS as Distributed by MLS Grid,2050281.0,N,Y,47.6371851,-122.3746619
PAST SALE,October-10-2023,Townhouse,2200 12th Ave W,Seattle,WA,98119,1450000.0,3.0,3.5,Queen Anne,2110.0,1371.0,2020.0,,687.0,245.0,Sold,,,https://www.redfin.com/WA/Seattle/2200-12th-Ave-W-98119/home/171213196,NWMLS as Distributed by MLS Grid,2162027.0,N,Y,47.6387931,-122.372244
PAST SALE,May-11-2023,Condo/Co-op,323 Queen Anne Ave N #204,Seattle,WA,98109,380000.0,1.0,1.0,Queen Anne,510.0,,1999.0,,745.0,424.0,Sold,,,https://www.redfin.com/WA/Seattle/323-Queen-Anne-Ave-N-98109/unit-204/home/2068718,NWMLS as Distributed by MLS Grid,2050436.0,N,Y,47.6217302,-122.3570297
PAST SALE,December-9-2022,Single Family Residential,2553 12th Ave W,Seattle,WA,98119,1585000.0,4.0,4.0,Queen Anne,3040.0,4000.0,1927.0,,521.0,,Sold,,,https://www.redfin.com/WA/Seattle/2553-12th-Ave-W-98119/home/130909,NWMLS as Distributed by MLS Grid,2016403.0,N,Y,47.6422748,-122.3728977
PAST SALE,March-3-2023,Single Family Residential,1812 11th Ave W,Seattle,WA,98119,1375000.0,3.0,2.0,Queen Anne,2260.0,5400.0,1924.0,,608.0,,Sold,,,https://www.redfin.com/WA/Seattle/1812-11th-Ave-W-98119/home/132426,NWMLS as Distributed by MLS Grid,2031896.0,N,Y,47.6351598,-122.3714124
PAST SALE,November-18-2022,Single Family Residential,1815 6th Ave W,Seattle,WA,98119,1450000.0,3.0,2.0,Queen Anne,1939.0,4949.0,1903.0,,748.0,4.0,Sold,,,https://www.redfin.com/WA/Seattle/1815-6th-Ave-W-98119/unit-A/home/134097,NWMLS as Distributed by MLS Grid,1997662.0,N,Y,47.6351832,-122.3653596
PAST SALE,December-28-2022,Townhouse,33 W Etruria St,Seattle,WA,98119,1010000.0,8.0,3.0,Queen Anne,2100.0,1705.0,2022.0,,481.0,,Sold,,,https://www.redfin.com/WA/Seattle/33-W-Etruria-St-98119/home/174144046,NWMLS as Distributed by MLS Grid,2015852.0,N,Y,47.6474479,-122.3591178
PAST SALE,September-21-2023,Townhouse,16 B W Etruria St,Seattle,WA,98119,980000.0,3.0,3.0,Queen Anne,1690.0,953.0,2006.0,,580.0,,Sold,,,https://www.redfin.com/WA/Seattle/16-W-Etruria-St-98119/unit-B/home/12304267,NWMLS as Distributed by MLS Grid,2149373.0,N,Y,47.647957,-122.3583725
PAST SALE,June-23-2023,Condo/Co-op,1300 W Boston St #35,Seattle,WA,98119,479000.0,1.0,1.0,Queen Anne,837.0,,1985.0,,572.0,623.0,Sold,,,https://www.redfin.com/WA/Seattle/1300-W-Boston-St-98119/unit-35/home/26610,NWMLS as Distributed by MLS Grid,2065278.0,N,Y,47.6388386,-122.3742425
PAST SALE,June-15-2023,Condo/Co-op,3814 11th Ave W #11,Seattle,WA,98119,385000.0,2.0,1.0,Queen Anne,977.0,,1965.0,,394.0,508.0,Sold,,,https://www.redfin.com/WA/Seattle/3814-11th-Ave-W-98119/unit-11/home/12508,NWMLS as Distributed by MLS Grid,2057739.0,N,Y,47.6541723,-122.3711577
PAST SALE,October-27-2023,Single Family Residential,1605 1st Ave W,Seattle,WA,98119,2675000.0,4.0,4.5,Queen Anne,3352.0,3600.0,2023.0,,798.0,,Sold,,,https://www.redfin.com/WA/Seattle/1605-1st-Ave-W-98119/home/134530,NWMLS as Distributed by MLS Grid,2160960.0,N,Y,47.6337654,-122.3587245
PAST SALE,September-15-2023,Single Family Residential,2225 1st Ave W Unit B,Seattle,WA,98119,869000.0,2.0,2.0,Queen Anne,1120.0,5400.0,2023.0,,776.0,1.0,Sold,,,https://www.redfin.com/WA/Seattle/2225-1st-Ave-W-98119/unit-B/home/186357411,NWMLS as Distributed by MLS Grid,2147887.0,N,Y,47.6391738,-122.3585553
PAST SALE,August-16-2023,Single Family Residential,1835 7th Ave W,Seattle,WA,98119,1200000.0,4.0,3.0,Queen Anne,3220.0,4800.0,1907.0,,373.0,,Sold,,,https://www.redfin.com/WA/Seattle/1835-7th-Ave-W-98119/home/132379,NWMLS as Distributed by MLS Grid,2128545.0,N,Y,47.6357854,-122.3667148
PAST SALE,August-18-2023,Single Family Residential,707 W Florentia Pl,Seattle,WA,98119,2100000.0,4.0,3.5,Queen Anne,2653.0,4954.0,1946.0,,792.0,,Sold,,,https://www.redfin.com/WA/Seattle/707-W-Florentia-Pl-98119/home/130521,NWMLS as Distributed by MLS Grid,2139409.0,N,Y,47.6471011,-122.3665663
PAST SALE,August-14-2023,Condo/Co-op,17 W Mercer St Unit TH7,Seattle,WA,98119,950000.0,2.0,2.5,Queen Anne,1743.0,,2002.0,,545.0,1136.0,Sold,,,https://www.redfin.com/WA/Seattle/17-W-Mercer-St-98119/unit-TH7/home/9974,NWMLS as Distributed by MLS Grid,2133258.0,N,Y,47.6244312,-122.357496
PAST SALE,June-22-2023,Single Family Residential,3442 15th Ave W,Seattle,WA,98119,602000.0,2.0,1.0,Queen Anne,1560.0,2825.0,1911.0,,386.0,,Sold,,,https://www.redfin.com/WA/Seattle/3442-15th-Ave-W-98119/home/129969,NWMLS as Distributed by MLS Grid,2067718.0,N,Y,47.6516345,-122.3758294
PAST SALE,,Single Family Residential,2113 6th Ave W,Seattle,WA,98119,1010000.0,4.0,1.0,,1450.0,3600.0,1906.0,,697.0,,,,,https://www.redfin.com/WA/Seattle/2113-6th-Ave-W-98119/home/134674,,,N,Y,47.6382248,-122.3653655
PAST SALE,May-19-2023,Single Family Residential,2542 15th Ave W,Seattle,WA,98119,575000.0,2.0,1.0,Queen Anne,710.0,2525.0,1919.0,,810.0,,Sold,,,https://www.redfin.com/WA/Seattle/2542-15th-Ave-W-98119/home/134715,NWMLS as Distributed by MLS Grid,2057588.0,N,Y,47.6419336,-122.3758794
PAST SALE,May-22-2023,Single Family Residential,1516 10th Ave W,Seattle,WA,98119,1325000.0,4.0,3.0,Queen Anne,2380.0,3600.0,1925.0,,557.0,,Sold,,,https://www.redfin.com/WA/Seattle/1516-10th-Ave-W-98119/home/134689,NWMLS as Distributed by MLS Grid,2053295.0,N,Y,47.6328833,-122.3700732
PAST SALE,December-30-2022,Townhouse,1919 A 9th Ave W,Seattle,WA,98119,1000000.0,3.0,2.5,Queen Anne,1494.0,1189.0,2017.0,,669.0,,Sold,,,https://www.redfin.com/WA/Seattle/1919-9th-Ave-W-98119/unit-A/home/109972212,NWMLS as Distributed by MLS Grid,2019044.0,N,Y,47.6366068,-122.3695424
PAST SALE,October-12-2023,Condo/Co-op,2244 13th Ave W #414,Seattle,WA,98119,520000.0,2.0,2.0,Queen Anne,848.0,,1990.0,,613.0,735.0,Sold,,,https://www.redfin.com/WA/Seattle/2244-13th-Ave-W-98119/unit-414/home/58399,NWMLS as Distributed by MLS Grid,2158163.0,N,Y,47.6397039,-122.3733337
PAST SALE,November-9-2022,Single Family Residential,213 W Kinnear Pl,Seattle,WA,98119,1499000.0,3.0,3.5,Queen Anne,1948.0,1836.0,2017.0,,770.0,,Sold,,,https://www.redfin.com/WA/Seattle/213-W-Kinnear-Pl-98119/home/112863694,NWMLS as Distributed by MLS Grid,2000940.0,N,Y,47.6274775,-122.3598902
PAST SALE,August-24-2023,Condo/Co-op,719 2nd Ave W #302,Seattle,WA,98119,875000.0,3.0,2.0,Queen Anne,1335.0,,2002.0,,655.0,875.0,Sold,,,https://www.redfin.com/WA/Seattle/719-2nd-Ave-W-98119/unit-302/home/5593,NWMLS as Distributed by MLS Grid,2135603.0,N,Y,47.6263506,-122.3596815
PAST SALE,October-5-2023,Townhouse,18 A W Etruria St,Seattle,WA,98119,1000000.0,3.0,3.0,Queen Anne,1720.0,954.0,2006.0,,581.0,,Sold,,,https://www.redfin.com/WA/Seattle/18-W-Etruria-St-98119/unit-A/home/175743770,NWMLS as Distributed by MLS Grid,2157211.0,N,Y,47.6479584,-122.3585217
PAST SALE,October-18-2023,Condo/Co-op,2253 Gilman Dr W #509,Seattle,WA,98119,589000.0,2.0,2.0,Queen Anne,1046.0,,1980.0,,563.0,820.0,Sold,,,https://www.redfin.com/WA/Seattle/2253-Gilman-Dr-W-98119/unit-509/home/643,NWMLS as Distributed by MLS Grid,2163756.0,N,Y,47.6398141,-122.3746369
PAST SALE,September-8-2023,Single Family Residential,3010 14th Ave W,Seattle,WA,98119,1130000.0,4.0,2.5,Queen Anne,1830.0,1676.0,2022.0,,617.0,,Sold,,,https://www.redfin.com/WA/Seattle/3010-14th-Ave-W-98119/home/182051495,NWMLS as Distributed by MLS Grid,2144747.0,N,Y,47.6470078,-122.3746356
PAST SALE,March-24-2023,Single Family Residential,1830 7th Ave W,Seattle,WA,98119,2250000.0,4.0,2.5,Queen Anne,4220.0,5400.0,1900.0,,533.0,,Sold,,,https://www.redfin.com/WA/Seattle/1830-7th-Ave-W-98119/home/132466,NWMLS as Distributed by MLS Grid,2032449.0,N,Y,47.635644,-122.3659409
PAST SALE,May-26-2023,Single Family Residential,1108 W Blaine St,Seattle,WA,98119,1799000.0,3.0,3.5,Queen Anne,3320.0,2850.0,1908.0,,542.0,,Sold,,,https://www.redfin.com/WA/Seattle/1108-W-Blaine-St-98119/home/133973,NWMLS as Distributed by MLS Grid,2062942.0,N,Y,47.6349408,-122.3720881
PAST SALE,August-15-2023,Single Family Residential,2420 Westview Dr W,Seattle,WA,98119,1030000.0,2.0,2.0,Queen Anne,1850.0,1890.0,1927.0,,557.0,,Sold,,,https://www.redfin.com/WA/Seattle/2420-Westview-Dr-W-98119/home/131549,NWMLS as Distributed by MLS Grid,2127899.0,N,Y,47.6401704,-122.370571
PAST SALE,May-25-2023,Single Family Residential,2412 2nd Ave W,Seattle,WA,98119,1065000.0,4.0,2.0,Queen Anne,1320.0,1560.0,1913.0,,807.0,,Sold,,,https://www.redfin.com/WA/Seattle/2412-2nd-Ave-W-98119/home/130777,NWMLS as Distributed by MLS Grid,2059080.0,N,Y,47.6400579,-122.3590123
PAST SALE,November-10-2022,Condo/Co-op,2034 14th Ave W #302,Seattle,WA,98119,349000.0,1.0,1.0,Queen Anne,583.0,12600.0,1979.0,,599.0,402.0,Sold,,,https://www.redfin.com/WA/Seattle/2034-14th-Ave-W-98119/unit-302/home/58916,NWMLS as Distributed by MLS Grid,1998983.0,N,Y,47.6377673,-122.3746213
PAST SALE,November-18-2022,Single Family Residential,517 W Pleasant Pl,Seattle,WA,98119,1247500.0,4.0,2.0,Queen Anne,2037.0,3326.0,1918.0,,612.0,,Sold,,,https://www.redfin.com/WA/Seattle/517-W-Pleasant-Pl-98119/home/131406,NWMLS as Distributed by MLS Grid,2001428.0,N,Y,47.6425559,-122.3644375
PAST SALE,June-8-2023,Townhouse,1961 A 12th Ave W,Seattle,WA,98119,1295000.0,3.0,3.0,Queen Anne,1936.0,867.0,2023.0,,669.0,14.0,Sold,,,https://www.redfin.com/WA/Seattle/1961-12th-Ave-W-98119/home/182892918,NWMLS as Distributed by MLS Grid,2053902.0,N,Y,47.6377552,-122.3730945
PAST SALE,October-20-2023,Single Family Residential,2909 4th Ave W,Seattle,WA,98119,1540000.0,3.0,2.5,Queen Anne,2590.0,3528.0,1990.0,,595.0,,Sold,,,https://www.redfin.com/WA/Seattle/2909-4th-Ave-W-98119/home/130697,NWMLS as Distributed by MLS Grid,2156654.0,N,Y,47.6461327,-122.3624375
PAST SALE,October-5-2023,Single Family Residential,2710 1st Ave W,Seattle,WA,98119,2075000.0,4.0,3.5,Queen Anne,2847.0,4600.0,2023.0,,729.0,17.0,Sold,,,https://www.redfin.com/WA/Seattle/2710-1st-Ave-W-98119/home/131394,NWMLS as Distributed by MLS Grid,2139084.0,N,Y,47.6445018,-122.3579301
PAST SALE,September-25-2023,Condo/Co-op,521 5th Ave W #903,Seattle,WA,98119,658000.0,2.0,2.0,Queen Anne,1070.0,21600.0,1963.0,,615.0,765.0,Sold,,,https://www.redfin.com/WA/Seattle/521-5th-Ave-W-98119/unit-903/home/172748478,NWMLS as Distributed by MLS Grid,2151802.0,N,Y,47.6238554,-122.3635937
PAST SALE,June-22-2023,Single Family Residential,1810 6th Ave W,Seattle,WA,98119,1420000.0,3.0,2.5,Queen Anne,2010.0,3600.0,1918.0,,706.0,,Sold,,,https://www.redfin.com/WA/Seattle/1810-6th-Ave-W-98119/home/132978,NWMLS as Distributed by MLS Grid,2052178.0,N,Y,47.6351359,-122.3647001
PAST SALE,April-21-2023,Single Family Residential,1012 W Raye St,Seattle,WA,98119,1000000.0,3.0,2.0,Queen Anne,1360.0,1719.0,1910.0,,735.0,,Sold,,,https://www.redfin.com/WA/Seattle/1012-W-Raye-St-98119/home/130774,NWMLS as Distributed by MLS Grid,2042234.0,N,Y,47.6432599,-122.3708288
PAST SALE,May-19-2023,Condo/Co-op,2244 13th Ave W #415,Seattle,WA,98119,475000.0,2.0,1.0,Queen Anne,811.0,,1990.0,,586.0,705.0,Sold,,,https://www.redfin.com/WA/Seattle/2244-13th-Ave-W-98119/unit-415/home/58400,NWMLS as Distributed by MLS Grid,2048724.0,N,Y,47.6397039,-122.3733337
PAST SALE,March-31-2023,Single Family Residential,2655 9th Ave W,Seattle,WA,98119,799900.0,2.0,2.5,Queen Anne,981.0,988.0,2023.0,,815.0,,Sold,,,https://www.redfin.com/WA/Seattle/2655-9th-Ave-W-98119/home/183842980,NWMLS as Distributed by MLS Grid,2037627.0,N,Y,47.6438745,-122.3691767
PAST SALE,July-21-2023,Single Family Residential,1126 8th Ave W,Seattle,WA,98119,2625000.0,4.0,3.5,Queen Anne,4430.0,7680.0,1922.0,,593.0,,Sold,,,https://www.redfin.com/WA/Seattle/1126-8th-Ave-W-98119/home/134586,NWMLS as Distributed by MLS Grid,2065636.0,N,Y,47.6295541,-122.3673196
PAST SALE,September-20-2023,Single Family Residential,415 W McGraw St,Seattle,WA,98119,1475000.0,5.0,2.0,Queen Anne,3100.0,3600.0,1920.0,,476.0,,Sold,,,https://www.redfin.com/WA/Seattle/415-W-McGraw-St-98119/home/134033,NWMLS as Distributed by MLS Grid,2145964.0,N,Y,47.6394135,-122.363092
PAST SALE,November-22-2022,Condo/Co-op,507 W Mercer St #501,Seattle,WA,98119,525000.0,2.0,2.0,Queen Anne,934.0,,1963.0,,562.0,778.0,Sold,,,https://www.redfin.com/WA/Seattle/507-W-Mercer-St-98119/unit-501/home/36153,NWMLS as Distributed by MLS Grid,2006576.0,N,Y,47.6243835,-122.3638205
PAST SALE,May-16-2023,Townhouse,2111 9th Ave W #23,Seattle,WA,98119,1499900.0,3.0,3.5,Queen Anne,1724.0,1.0,2020.0,,870.0,642.0,Sold,,,https://www.redfin.com/WA/Seattle/2111-9th-Ave-W-98119/unit-23/home/171025980,NWMLS as Distributed by MLS Grid,2041129.0,N,Y,47.638886,-122.3696
PAST SALE,September-27-2023,Single Family Residential,3022 4th Ave W,Seattle,WA,98119,1045000.0,3.0,3.5,Queen Anne,1980.0,1984.0,2016.0,,528.0,,Sold,,,https://www.redfin.com/WA/Seattle/3022-4th-Ave-W-98119/home/109661976,NWMLS as Distributed by MLS Grid,2154676.0,N,Y,47.6474014,-122.3616761
PAST SALE,April-10-2023,Townhouse,17 W Mercer St #6,Seattle,WA,98119,734000.0,2.0,2.5,Queen Anne,1511.0,,2002.0,,486.0,986.0,Sold,,,https://www.redfin.com/WA/Seattle/17-W-Mercer-St-98119/unit-6/home/9973,NWMLS as Distributed by MLS Grid,2033653.0,N,Y,47.6244312,-122.357496
PAST SALE,August-23-2023,Condo/Co-op,1401 5th Ave W #203,Seattle,WA,98119,617500.0,1.0,1.0,Queen Anne,1120.0,,1920.0,,551.0,1116.0,Sold,,,https://www.redfin.com/WA/Seattle/1401-5th-Ave-W-98119/unit-203/home/68103,NWMLS as Distributed by MLS Grid,2132788.0,N,Y,47.6318012,-122.3639068
PAST SALE,November-9-2022,Condo/Co-op,3003 14th Ave W #203,Seattle,WA,98119,685000.0,2.0,1.5,Queen Anne,1177.0,1177.0,1988.0,,582.0,485.0,Sold,,,https://www.redfin.com/WA/Seattle/3003-14th-Ave-W-98119/unit-203/home/41201,NWMLS as Distributed by MLS Grid,1998087.0,N,Y,47.646757,-122.3752624
PAST SALE,August-11-2023,Single Family Residential,1408 4th Ave W,Seattle,WA,98119,1650000.0,3.0,2.0,Queen Anne,2150.0,4600.0,1925.0,,767.0,,Sold,,,https://www.redfin.com/WA/Seattle/1408-4th-Ave-W-98119/home/132844,NWMLS as Distributed by MLS Grid,2132861.0,N,Y,47.6317036,-122.3615935
PAST SALE,December-9-2022,Single Family Residential,2430 3rd Ave W,Seattle,WA,98119,1175000.0,3.0,3.0,Queen Anne,2850.0,4200.0,1919.0,,412.0,,Sold,,,https://www.redfin.com/WA/Seattle/2430-3rd-Ave-W-98119/home/130957,NWMLS as Distributed by MLS Grid,2010764.0,N,Y,47.6404965,-122.3606098
PAST SALE,September-11-2023,Single Family Residential,3326 8th Ave W,Seattle,WA,98119,1100000.0,4.0,3.0,Queen Anne,2720.0,5043.0,1927.0,,404.0,,Sold,,,https://www.redfin.com/WA/Seattle/3326-8th-Ave-W-98119/home/130506,NWMLS as Distributed by MLS Grid,2141644.0,N,Y,47.6500656,-122.3672211
PAST SALE,April-11-2023,Single Family Residential,2421 3rd Ave W,Seattle,WA,98119,1825000.0,4.0,3.5,Queen Anne,2310.0,2032.0,2022.0,,790.0,80.0,Sold,,,https://www.redfin.com/WA/Seattle/2421-3rd-Ave-W-98119/home/130871,NWMLS as Distributed by MLS Grid,2036388.0,N,Y,47.6402954,-122.3612254
PAST SALE,March-8-2023,Single Family Residential,2423 3rd Ave W,Seattle,WA,98119,799950.0,3.0,2.0,Queen Anne,1170.0,4800.0,1907.0,,684.0,7.0,Sold,,,https://www.redfin.com/WA/Seattle/2423-3rd-Ave-W-98119/home/183994807,NWMLS as Distributed by MLS Grid,2024898.0,N,Y,47.640307,-122.3614822
PAST SALE,November-8-2022,Condo/Co-op,701 3rd Ave W #729,Seattle,WA,98119,450500.0,1.0,1.0,Queen Anne,683.0,,1953.0,,660.0,432.0,Sold,,,https://www.redfin.com/WA/Seattle/701-3rd-Ave-W-98119/unit-729/home/10780,NWMLS as Distributed by MLS Grid,1997345.0,N,Y,47.6261384,-122.3610304
PAST SALE,May-23-2023,Townhouse,2018 12th Ave W,Seattle,WA,98119,1225000.0,3.0,2.5,Interbay,1710.0,2311.0,1988.0,,716.0,,Sold,,,https://www.redfin.com/WA/Seattle/2018-12th-Ave-W-98119/home/130739,NWMLS as Distributed by MLS Grid,2055397.0,N,Y,47.6383742,-122.3722399
PAST SALE,December-23-2022,Condo/Co-op,530 4th Ave W #302,Seattle,WA,98119,533000.0,1.0,1.0,Queen Anne,886.0,,2003.0,,602.0,388.0,Sold,,,https://www.redfin.com/WA/Seattle/530-4th-Ave-W-98119/unit-302/home/41365,NWMLS as Distributed by MLS Grid,2016886.0,N,Y,47.6243343,-122.3615298
PAST SALE,March-15-2023,Single Family Residential,1936 8th Ave W,Seattle,WA,98119,1250000.0,3.0,2.5,Queen Anne,2009.0,1259.0,2016.0,,622.0,,Sold,,,https://www.redfin.com/WA/Seattle/1936-8th-Ave-W-98119/home/179699706,NWMLS as Distributed by MLS Grid,2027566.0,N,Y,47.6370482,-122.3672856
PAST SALE,May-11-2023,Single Family Residential,1611 6th Ave W,Seattle,WA,98119,2649500.0,5.0,3.5,Queen Anne,3670.0,7200.0,1908.0,,722.0,,Sold,,,https://www.redfin.com/WA/Seattle/1611-6th-Ave-W-98119/home/133475,NWMLS as Distributed by MLS Grid,2042976.0,N,Y,47.6339788,-122.3653802
PAST SALE,November-16-2022,Condo/Co-op,3816 11th Ave W #112,Seattle,WA,98119,374950.0,2.0,1.0,Queen Anne,823.0,38671.0,1965.0,,456.0,416.0,Sold,,,https://www.redfin.com/WA/Seattle/3816-11th-Ave-W-98119/unit-112/home/1664,NWMLS as Distributed by MLS Grid,1996521.0,N,Y,47.6538391,-122.370569
PAST SALE,November-2-2022,Condo/Co-op,120 W Highland Dr #320,Seattle,WA,98119,1295000.0,2.0,2.0,Queen Anne,1400.0,,1921.0,,925.0,1065.0,Sold,,,https://www.redfin.com/WA/Seattle/120-W-Highland-Dr-98119/unit-320/home/178973051,NWMLS as Distributed by MLS Grid,1911728.0,N,Y,47.6297676,-122.3586584
PAST SALE,August-17-2023,Townhouse,2584 3rd Ave W Unit B,Seattle,WA,98119,815000.0,3.0,2.5,Queen Anne,1190.0,936.0,2005.0,,685.0,,Sold,,,https://www.redfin.com/WA/Seattle/2584-3rd-Ave-W-98119/unit-B/home/2059995,NWMLS as Distributed by MLS Grid,2101768.0,N,Y,47.6431162,-122.3604545
PAST SALE,November-4-2022,Condo/Co-op,17 W Mercer St #110,Seattle,WA,98119,459000.0,1.0,1.0,Queen Anne,718.0,,2002.0,,639.0,421.0,Sold,,,https://www.redfin.com/WA/Seattle/17-W-Mercer-St-98119/unit-110/home/69568,NWMLS as Distributed by MLS Grid,1989121.0,N,Y,47.6244312,-122.357496
PAST SALE,March-2-2023,Single Family Residential,703 W Bertona St,Seattle,WA,98119,805000.0,3.0,1.0,Queen Anne,1680.0,5286.0,1950.0,,479.0,,Sold,,,https://www.redfin.com/WA/Seattle/703-W-Bertona-St-98119/home/131602,NWMLS as Distributed by MLS Grid,2024700.0,N,Y,47.6503303,-122.3665183
PAST SALE,October-4-2023,Condo/Co-op,1401 5th Ave W #314,Seattle,WA,98119,755000.0,2.0,1.0,Queen Anne,907.0,,1896.0,,832.0,1272.0,Sold,,,https://www.redfin.com/WA/Seattle/1401-5th-Ave-W-98119/unit-314/home/26183,NWMLS as Distributed by MLS Grid,2146714.0,N,Y,47.6318012,-122.3639068
PAST SALE,March-16-2023,Single Family Residential,2153 8th Ave W,Seattle,WA,98119,1260000.0,4.0,4.0,Queen Anne,2086.0,2613.0,1905.0,,604.0,,Sold,,,https://www.redfin.com/WA/Seattle/2153-8th-Ave-W-98119/home/134378,NWMLS as Distributed by MLS Grid,2024078.0,N,Y,47.6393023,-122.3679251
PAST SALE,November-17-2022,Condo/Co-op,2821 2nd Ave #1004,Seattle,WA,98121,740000.0,1.0,2.0,Belltown,1302.0,,1982.0,,568.0,1791.0,Sold,,,https://www.redfin.com/WA/Seattle/2821-2nd-Ave-98121/unit-1004/home/71552,NWMLS as Distributed by MLS Grid,1999706.0,N,Y,47.629517,-122.370021
PAST SALE,June-27-2023,Condo/Co-op,410 W Roy St Unit E102,Seattle,WA,98119,439950.0,1.0,1.0,Queen Anne,781.0,67197.0,1982.0,,563.0,410.0,Sold,,,https://www.redfin.com/WA/Seattle/410-W-Roy-St-98119/unit-E102/home/61128,NWMLS as Distributed by MLS Grid,2054304.0,N,Y,47.6260942,-122.362736
PAST SALE,October-20-2023,Single Family Residential,2419 8th Ave W,Seattle,WA,98119,1728300.0,5.0,3.5,Queen Anne,3820.0,4800.0,1907.0,,452.0,,Sold,,,https://www.redfin.com/WA/Seattle/2419-8th-Ave-W-98119/home/131507,NWMLS as Distributed by MLS Grid,2152398.0,N,Y,47.6401782,-122.3680007
PAST SALE,August-25-2023,Condo/Co-op,524 6th Ave W #407,Seattle,WA,98119,690000.0,2.0,2.0,Queen Anne,981.0,,1997.0,,703.0,829.0,Sold,,,https://www.redfin.com/WA/Seattle/524-6th-Ave-W-98119/unit-407/home/71289,NWMLS as Distributed by MLS Grid,2127106.0,N,Y,47.6243642,-122.364417
PAST SALE,April-5-2023,Single Family Residential,2560 Gilman Dr W,Seattle,WA,98119,670000.0,3.0,1.0,Queen Anne,1300.0,4575.0,1904.0,,515.0,,Sold,,,https://www.redfin.com/WA/Seattle/2560-Gilman-Dr-W-98119/home/134711,NWMLS as Distributed by MLS Grid,2024600.0,N,Y,47.6422732,-122.3753464
PAST SALE,June-1-2023,Condo/Co-op,3003 14th Ave W #102,Seattle,WA,98119,665000.0,2.0,2.0,Queen Anne,1129.0,12000.0,1988.0,,589.0,674.0,Sold,,,https://www.redfin.com/WA/Seattle/3003-14th-Ave-W-98119/unit-102/home/41195,NWMLS as Distributed by MLS Grid,2046975.0,N,Y,47.646757,-122.3752624
PAST SALE,October-20-2023,Condo/Co-op,500 5th Ave W #102,Seattle,WA,98119,485000.0,1.0,1.5,Queen Anne,987.0,,1968.0,,491.0,745.0,Sold,,,https://www.redfin.com/WA/Seattle/500-5th-Ave-W-98119/unit-102/home/12537150,NWMLS as Distributed by MLS Grid,2154210.0,N,Y,47.6236113,-122.362813
PAST SALE,November-21-2022,Condo/Co-op,530 W Olympic Pl #404,Seattle,WA,98119,340000.0,1.0,1.0,Queen Anne,610.0,,1949.0,,557.0,601.0,Sold,,,https://www.redfin.com/WA/Seattle/530-W-Olympic-Pl-98119/unit-404/home/17090712,NWMLS as Distributed by MLS Grid,2001819.0,N,Y,47.6273144,-122.3644363
PAST SALE,,Condo/Co-op,622 6th Ave W #202,Seattle,WA,98119,450000.0,2.0,2.0,,1061.0,,1996.0,,424.0,,,,,https://www.redfin.com/WA/Seattle/622-6th-Ave-W-98119/unit-202/home/68152,,,N,Y,47.6253856,-122.3642402
PAST SALE,June-29-2023,Single Family Residential,3014 14th Ave W,Seattle,WA,98119,1175000.0,4.0,2.5,Queen Anne,1830.0,1326.0,2022.0,,642.0,,Sold,,,https://www.redfin.com/WA/Seattle/3014-14th-Ave-W-98119/home/182914619,NWMLS as Distributed by MLS Grid,2055387.0,N,Y,47.6470856,-122.3745933
PAST SALE,March-9-2023,Condo/Co-op,530 4th Ave W #205,Seattle,WA,98119,482500.0,1.0,1.0,Queen Anne,846.0,,2003.0,,570.0,408.0,Sold,,,https://www.redfin.com/WA/Seattle/530-4th-Ave-W-98119/unit-205/home/53565,NWMLS as Distributed by MLS Grid,2027742.0,N,Y,47.6243343,-122.3615298
PAST SALE,September-19-2023,Single Family Residential,1619 3rd Ave W,Seattle,WA,98119,879000.0,2.0,2.5,Queen Anne,1113.0,3600.0,2023.0,,790.0,60.0,Sold,,,https://www.redfin.com/WA/Seattle/1619-3rd-Ave-W-98119/home/185864166,NWMLS as Distributed by MLS Grid,2130185.0,N,Y,47.6340946,-122.3613816
PAST SALE,September-15-2023,Condo/Co-op,520 2nd Ave W #401,Seattle,WA,98119,403000.0,1.0,1.0,Queen Anne,569.0,,1992.0,,708.0,535.0,Sold,,,https://www.redfin.com/WA/Seattle/520-2nd-Ave-W-98119/unit-401/home/68105,NWMLS as Distributed by MLS Grid,2137896.0,N,Y,47.6240552,-122.3590219
PAST SALE,May-8-2023,Condo/Co-op,301 W Raye St Unit B105,Seattle,WA,98119,443000.0,2.0,1.0,Queen Anne,756.0,,1987.0,,586.0,622.0,Sold,,,https://www.redfin.com/WA/Seattle/301-W-Raye-St-98119/unit-B105/home/144392151,NWMLS as Distributed by MLS Grid,2041768.0,N,Y,47.643102,-122.3611788
PAST SALE,December-15-2022,Condo/Co-op,619 5th Ave W #201,Seattle,WA,98119,593000.0,2.0,2.0,Queen Anne,1152.0,,1990.0,,515.0,329.0,Sold,,,https://www.redfin.com/WA/Seattle/619-5th-Ave-W-98119/unit-201/home/58167,NWMLS as Distributed by MLS Grid,2004757.0,N,Y,47.6252956,-122.3636432
PAST SALE,January-31-2023,Condo/Co-op,1300 W Boston St #25,Seattle,WA,98119,450000.0,1.0,1.0,Interbay,837.0,,1985.0,,538.0,623.0,Sold,,,https://www.redfin.com/WA/Seattle/1300-W-Boston-St-98119/unit-25/home/66780,NWMLS as Distributed by MLS Grid,2018610.0,N,Y,47.6388386,-122.3742425
PAST SALE,October-2-2023,Condo/Co-op,2219 14th Ave W #303,Seattle,WA,98119,308900.0,1.0,1.0,Queen Anne,760.0,13131.0,1978.0,,406.0,566.0,Sold,,,https://www.redfin.com/WA/Seattle/2219-14th-Ave-W-98119/unit-303/home/37980,NWMLS as Distributed by MLS Grid,2142689.0,N,Y,47.6394034,-122.3753541
PAST SALE,June-20-2023,Townhouse,3421 9th Ave W,Seattle,WA,98119,1020000.0,3.0,2.5,Queen Anne,1901.0,5240.0,2023.0,,537.0,,Sold,,,https://www.redfin.com/WA/Seattle/3421-9th-Ave-W-98119/home/182051018,NWMLS as Distributed by MLS Grid,2050863.0,N,Y,47.6511446,-122.3690757
PAST SALE,June-14-2023,Condo/Co-op,275 W Roy #107,Seattle,WA,98119,380000.0,1.0,1.0,Queen Anne,598.0,39095.0,1982.0,,635.0,441.0,Sold,,,https://www.redfin.com/WA/Seattle/275-W-Roy-St-98119/unit-107/home/64723,NWMLS as Distributed by MLS Grid,2052551.0,N,Y,47.6255231,-122.3599262
PAST SALE,October-12-2023,Single Family Residential,2225 1st Ave W,Seattle,WA,98119,1479000.0,3.0,3.5,Queen Anne,2086.0,5400.0,2023.0,,709.0,1.0,Sold,,,https://www.redfin.com/WA/Seattle/2225-1st-Ave-W-98119/home/132655,NWMLS as Distributed by MLS Grid,2144680.0,N,Y,47.6391738,-122.3585553
PAST SALE,August-15-2023,Condo/Co-op,111 W Highland Dr Unit 2E,Seattle,WA,98119,2550000.0,2.0,2.5,Queen Anne,2764.0,,1974.0,,923.0,2308.0,Sold,,,https://www.redfin.com/WA/Seattle/111-W-Highland-Dr-98119/unit-2E/home/69416,NWMLS as Distributed by MLS Grid,2072924.0,N,Y,47.6293473,-122.3586943
PAST SALE,June-6-2023,Condo/Co-op,323 Queen Anne Ave N #201,Seattle,WA,98109,525000.0,2.0,2.0,Queen Anne,880.0,,1999.0,,597.0,747.0,Sold,,,https://www.redfin.com/WA/Seattle/323-Queen-Anne-Ave-N-98109/unit-201/home/2091104,NWMLS as Distributed by MLS Grid,2044654.0,N,Y,47.6217302,-122.3570297
PAST SALE,June-30-2023,Condo/Co-op,1914 13th Ave W #302,Seattle,WA,98119,669950.0,2.0,2.0,Queen Anne,1415.0,,1980.0,,473.0,460.0,Sold,,,https://www.redfin.com/WA/Seattle/1914-13th-Ave-W-98119/unit-302/home/12968,NWMLS as Distributed by MLS Grid,2055053.0,N,Y,47.6364722,-122.3735662
PAST SALE,April-3-2023,Townhouse,2143 9th Ave W #11,Seattle,WA,98119,1450000.0,3.0,3.5,Queen Anne,1724.0,,2020.0,,841.0,642.0,Sold,,,https://www.redfin.com/WA/Seattle/2143-9th-Ave-W-98119/unit-11/home/167144538,NWMLS as Distributed by MLS Grid,2026894.0,N,Y,47.638886,-122.3696
PAST SALE,August-17-2023,Condo/Co-op,519 W Roy St #109,Seattle,WA,98119,299500.0,0.0,1.0,Queen Anne,467.0,,1930.0,,641.0,422.0,Sold,,,https://www.redfin.com/WA/Seattle/519-W-Roy-St-98119/unit-109/home/65629,NWMLS as Distributed by MLS Grid,2076695.0,N,Y,47.6255981,-122.3641756
PAST SALE,December-21-2022,Condo/Co-op,1220 2nd Ave W,Seattle,WA,98119,1475000.0,2.0,2.5,Queen Anne,1954.0,,1995.0,,755.0,1115.0,Sold,,,https://www.redfin.com/WA/Seattle/1220-2nd-Ave-W-98119/home/181898589,NWMLS as Distributed by MLS Grid,2007844.0,N,Y,47.6300703,-122.358545
PAST SALE,January-27-2023,Condo/Co-op,2831 14th Ave W #4,Seattle,WA,98119,660000.0,3.0,2.0,Queen Anne,1361.0,,1979.0,,485.0,460.0,Sold,,,https://www.redfin.com/WA/Seattle/2831-14th-Ave-W-98119/unit-4/home/18898,NWMLS as Distributed by MLS Grid,2011398.0,N,Y,47.6457691,-122.3752678
PAST SALE,December-13-2022,Condo/Co-op,500 W Roy St Unit W407,Seattle,WA,98119,719000.0,2.0,2.0,Queen Anne,1071.0,,1982.0,,671.0,719.0,Sold,,,https://www.redfin.com/WA/Seattle/500-W-Roy-St-98119/unit-W407/home/69228,NWMLS as Distributed by MLS Grid,1993028.0,N,Y,47.626056,-122.3634696
PAST SALE,August-28-2023,Condo/Co-op,1324 W Emerson St #302,Seattle,WA,98119,474000.0,2.0,2.0,Queen Anne,1083.0,,1980.0,,438.0,763.0,Sold,,,https://www.redfin.com/WA/Seattle/1324-W-Emerson-St-98119/unit-302/home/57094,NWMLS as Distributed by MLS Grid,2101591.0,N,Y,47.6542576,-122.3745267
PAST SALE,April-24-2023,Condo/Co-op,912 3rd Ave W #202,Seattle,WA,98119,479000.0,2.0,1.5,Queen Anne,850.0,,1969.0,,564.0,586.0,Sold,,,https://www.redfin.com/WA/Seattle/912-3rd-Ave-W-98119/unit-202/home/2567,NWMLS as Distributed by MLS Grid,2029438.0,N,Y,47.6272169,-122.3603366
PAST SALE,February-9-2023,Condo/Co-op,522 W Mercer Pl #404,Seattle,WA,98119,540000.0,2.0,2.0,Queen Anne,1015.0,,1987.0,,532.0,1168.0,Sold,,,https://www.redfin.com/WA/Seattle/522-W-Mercer-Pl-98119/unit-404/home/3946,NWMLS as Distributed by MLS Grid,2017479.0,N,Y,47.6250276,-122.3639011
PAST SALE,September-1-2023,Condo/Co-op,520 2nd Ave W #307,Seattle,WA,98119,360000.0,1.0,1.0,Queen Anne,569.0,1.0,1992.0,,633.0,481.0,Sold,,,https://www.redfin.com/WA/Seattle/520-2nd-Ave-W-98119/unit-307/home/48041,NWMLS as Distributed by MLS Grid,2073235.0,N,Y,47.6240552,-122.3590219
PAST SALE,January-6-2023,Single Family Residential,2545 2nd Ave W,Seattle,WA,98119,1325000.0,4.0,2.5,Queen Anne,2022.0,4500.0,1925.0,,655.0,,Sold,,,https://www.redfin.com/WA/Seattle/2545-2nd-Ave-W-98119/home/131333,NWMLS as Distributed by MLS Grid,2004364.0,N,Y,47.6428306,-122.3598688
PAST SALE,March-22-2023,Townhouse,2143 9th Ave W #14,Seattle,WA,98119,1020000.0,2.0,2.5,Queen Anne,1362.0,,2020.0,,749.0,642.0,Sold,,,https://www.redfin.com/WA/Seattle/2143-9th-Ave-W-98119/unit-14/home/160684684,NWMLS as Distributed by MLS Grid,2023877.0,N,Y,47.6388405,-122.3691188
PAST SALE,October-6-2023,Condo/Co-op,505 W Mercer Pl #101,Seattle,WA,98119,1800000.0,2.0,2.5,Queen Anne,2942.0,,2002.0,,612.0,1404.0,Sold,,,https://www.redfin.com/WA/Seattle/505-W-Mercer-Pl-98119/unit-101/home/26301,NWMLS as Distributed by MLS Grid,2135127.0,N,Y,47.624767,-122.3645522
PAST SALE,March-1-2023,Single Family Residential,2569 6th Ave W,Seattle,WA,98119,1550000.0,4.0,4.0,Queen Anne,2610.0,3800.0,1924.0,,594.0,,Sold,,,https://www.redfin.com/WA/Seattle/2569-6th-Ave-W-98119/home/130105,NWMLS as Distributed by MLS Grid,2019783.0,N,Y,47.642568,-122.365254
PAST SALE,December-16-2022,Condo/Co-op,2034 14th Ave W #201,Seattle,WA,98119,430000.0,2.0,2.0,Queen Anne,871.0,12600.0,1979.0,,494.0,564.0,Sold,,,https://www.redfin.com/WA/Seattle/2034-14th-Ave-W-98119/unit-201/home/33990,NWMLS as Distributed by MLS Grid,1994750.0,N,Y,47.6377673,-122.3746213
PAST SALE,October-30-2023,Townhouse,2130 10th Ave W #30,Seattle,WA,98119,1470000.0,3.0,3.5,Queen Anne,1724.0,1.0,2021.0,,853.0,642.0,Sold,,,https://www.redfin.com/WA/Seattle/2130-10th-Ave-W-98119/unit-30/home/171978919,NWMLS as Distributed by MLS Grid,2150352.0,N,Y,47.6382184,-122.3695163
PAST SALE,October-20-2023,Single Family Residential,2227 1st Ave W,Seattle,WA,98119,909000.0,3.0,2.0,Queen Anne,1085.0,5440.0,2023.0,,838.0,,Sold,,,https://www.redfin.com/WA/Seattle/2227-1st-Ave-W-98119/home/186111974,NWMLS as Distributed by MLS Grid,2138753.0,N,Y,47.6391563,-122.3588485
PAST SALE,May-5-2023,Condo/Co-op,2219 14 Ave W #405,Seattle,WA,98119,745000.0,3.0,3.0,Queen Anne,1805.0,,1978.0,,413.0,1120.0,Sold,,,https://www.redfin.com/WA/Seattle/2219-14th-Ave-W-98119/unit-405/home/37987,NWMLS as Distributed by MLS Grid,2027000.0,N,Y,47.6394034,-122.3753541
PAST SALE,May-11-2023,Condo/Co-op,323 Queen Anne Ave N #511,Seattle,WA,98109,442500.0,1.0,1.0,Queen Anne,684.0,21600.0,1999.0,,647.0,587.0,Sold,,,https://www.redfin.com/WA/Seattle/323-Queen-Anne-Ave-N-98109/unit-511/home/2115973,NWMLS as Distributed by MLS Grid,2029237.0,N,Y,47.6217302,-122.3570297
PAST SALE,March-14-2023,Condo/Co-op,609 W Mercer Pl #600,Seattle,WA,98119,1900000.0,4.0,4.0,Queen Anne,3700.0,,1994.0,,514.0,1500.0,Sold,,,https://www.redfin.com/WA/Seattle/609-W-Mercer-Pl-98119/unit-600/home/3951,NWMLS as Distributed by MLS Grid,2001957.0,N,Y,47.6253263,-122.3655168
PAST SALE,January-10-2023,Single Family Residential,1203 W Bothwell,Seattle,WA,98119,1246400.0,3.0,2.0,Queen Anne,2040.0,9267.0,1947.0,,611.0,,Sold,,,https://www.redfin.com/WA/Seattle/1203-W-Bothwell-St-98119/home/130093,NWMLS as Distributed by MLS Grid,1997411.0,N,Y,47.6436046,-122.3722145
PAST SALE,April-5-2023,Townhouse,3008 14th Ave W,Seattle,WA,98119,1175000.0,4.0,3.5,Queen Anne,1830.0,1325.0,2022.0,,642.0,,Sold,,,https://www.redfin.com/WA/Seattle/3008-14th-Ave-W-98119/home/182401354,NWMLS as Distributed by MLS Grid,2009107.0,N,Y,47.6469628,-122.3745913
PAST SALE,March-10-2023,Single Family Residential,3036 13th Ave W,Seattle,WA,98119,1015000.0,3.0,2.0,Queen Anne,2070.0,5150.0,1948.0,,490.0,,Sold,,,https://www.redfin.com/WA/Seattle/3036-13th-Ave-W-98119/home/130517,NWMLS as Distributed by MLS Grid,2013409.0,N,Y,47.6477979,-122.3733206
PAST SALE,November-10-2022,Single Family Residential,3617 12th Ave W,Seattle,WA,98119,1600000.0,4.0,4.0,Queen Anne,3142.0,6000.0,1946.0,,509.0,,Sold,,,https://www.redfin.com/WA/Seattle/3617-12th-Ave-W-98119/home/129725,NWMLS as Distributed by MLS Grid,1970522.0,N,Y,47.6527798,-122.3726081
PAST SALE,August-4-2023,Condo/Co-op,520 2nd Ave W #306,Seattle,WA,98119,359900.0,1.0,1.0,Queen Anne,587.0,,1992.0,,613.0,450.0,Sold,,,https://www.redfin.com/WA/Seattle/520-2nd-Ave-W-98119/unit-306/home/48040,NWMLS as Distributed by MLS Grid,2056231.0,N,Y,47.6240552,-122.3590219
PAST SALE,December-16-2022,Condo/Co-op,415 W Republican St #400,Seattle,WA,98119,1171600.0,2.0,2.0,Queen Anne,1878.0,,1997.0,,624.0,1058.0,Sold,,,https://www.redfin.com/WA/Seattle/415-W-Republican-St-98119/unit-400/home/53371,NWMLS as Distributed by MLS Grid,1983595.0,N,Y,47.6231429,-122.3627959
PAST SALE,April-3-2023,Condo/Co-op,2244 13th Ave W #214,Seattle,WA,98119,439950.0,2.0,2.0,Queen Anne,848.0,,1990.0,,519.0,734.0,Sold,,,https://www.redfin.com/WA/Seattle/2244-13th-Ave-W-98119/unit-214/home/63435,NWMLS as Distributed by MLS Grid,2017737.0,N,Y,47.6397039,-122.3733337
PAST SALE,December-22-2022,Townhouse,2840 14th Ave W,Seattle,WA,98119,875000.0,3.0,2.5,Queen Anne,1610.0,1500.0,1992.0,,543.0,,Sold,,,https://www.redfin.com/WA/Seattle/2840-14th-Ave-W-98119/home/130380,NWMLS as Distributed by MLS Grid,1979968.0,N,Y,47.6460207,-122.3745805
PAST SALE,March-23-2023,Single Family Residential,2260 12th Ave W,Seattle,WA,98119,1750000.0,3.0,3.0,Queen Anne,3457.0,4000.0,1924.0,,506.0,,Sold,,,https://www.redfin.com/WA/Seattle/2260-12th-Ave-W-98119/home/129807,NWMLS as Distributed by MLS Grid,2016876.0,N,Y,47.640437,-122.3723399
PAST SALE,,Condo/Co-op,2821 2nd Ave #1502,Seattle,WA,98121,650000.0,1.0,1.5,,1227.0,,1982.0,,530.0,,,,,https://www.redfin.com/WA/Seattle/2821-2nd-Ave-98121/unit-1502/home/3572,,,N,Y,47.629517,-122.370021
PAST SALE,,Townhouse,2111 9th Ave W #22,Seattle,WA,98119,,,,,,,,,,,Sold,,,https://www.redfin.com/WA/Seattle/2111-9th-Ave-W-98119/unit-22/home/172327649,NWMLS as Distributed by MLS Grid,,N,Y,47.6382363,-122.369538
PAST SALE,November-28-2022,Single Family Residential,1502 6th Ave W,Seattle,WA,98119,1025000.0,5.0,2.5,Queen Anne,2700.0,5670.0,1910.0,,380.0,,Sold,,,https://www.redfin.com/WA/Seattle/1502-6th-Ave-W-98119/home/132323,NWMLS as Distributed by MLS Grid,1963604.0,N,Y,47.6325027,-122.3647632
PAST SALE,January-26-2023,Condo/Co-op,2821 2nd Ave #1605,Seattle,WA,98126,675000.0,1.0,1.5,Belltown,1001.0,,1982.0,,674.0,1303.0,Sold,,,https://www.redfin.com/WA/Seattle/2821-2nd-Ave-98121/unit-1605/home/53341,NWMLS as Distributed by MLS Grid,1986433.0,N,Y,47.629517,-122.370021
PAST SALE,February-13-2023,Condo/Co-op,522 W Mercer Pl #304,Seattle,WA,98119,546395.0,2.0,2.0,Queen Anne,1015.0,,1987.0,,538.0,827.0,Sold,,,https://www.redfin.com/WA/Seattle/522-W-Mercer-Pl-98119/unit-304/home/64893,NWMLS as Distributed by MLS Grid,1990547.0,N,Y,47.6250276,-122.3639011
PAST SALE,May-8-2023,Single Family Residential,2257 12th Ave W,Seattle,WA,98119,1600000.0,3.0,3.5,Queen Anne,2810.0,3101.0,1989.0,,569.0,,Sold,,,https://www.redfin.com/WA/Seattle/2257-12th-Ave-W-98119/home/131217,NWMLS as Distributed by MLS Grid,1990712.0,N,Y,47.6402531,-122.3729226
PAST SALE,June-13-2023,Townhouse,3423 9th Ave W,Seattle,WA,98119,1055000.0,3.0,2.5,Queen Anne,1901.0,5240.0,2022.0,,555.0,,Sold,,,https://www.redfin.com/WA/Seattle/3423-9th-Ave-W-98119/home/175251903,NWMLS as Distributed by MLS Grid,1929443.0,N,Y,47.6512333,-122.3691408
PAST SALE,,Single Family Residential,3647 12th Ave W,Seattle,WA,98119,740000.0,3.0,1.0,,1080.0,6000.0,1918.0,,685.0,,,,,https://www.redfin.com/WA/Seattle/3647-12th-Ave-W-98119/home/129383,,,N,Y,47.6535685,-122.3725895
PAST SALE,,Townhouse,18 W Etruria St,Seattle,WA,98119,1000000.0,3.0,3.0,,1720.0,954.0,2006.0,,581.0,,,,,https://www.redfin.com/WA/Seattle/18-W-Etruria-St-98119/home/12304268,,,N,Y,47.6479584,-122.3585201
PAST SALE,,Condo/Co-op,100 W Highland Dr #320,Seattle,WA,98119,1295000.0,2.0,2.0,,1400.0,,1921.0,,925.0,,,,,https://www.redfin.com/WA/Seattle/100-W-Highland-Dr-98119/unit-320/home/5818,,,N,Y,47.629716,-122.35831
PAST SALE,,Condo/Co-op,528 W Olympic Pl #404,Seattle,WA,98119,340000.0,1.0,1.0,,610.0,,1949.0,,557.0,,,,,https://www.redfin.com/WA/Seattle/528-W-Olympic-Pl-98119/unit-404/home/42769,,,N,Y,47.6273177,-122.3643716
PAST SALE,,Townhouse,2116 9th Ave W Unit A,Seattle,WA,98119,1285000.0,3.0,2.5,,1530.0,1366.0,2020.0,,840.0,,,,,https://www.redfin.com/WA/Seattle/2116-9th-Ave-W-98119/unit-A/home/175250412,,,N,Y,47.6383008,-122.3686548
PAST SALE,,Condo/Co-op,2143 9th Ave W #11,Seattle,WA,98119,1450000.0,3.0,3.5,,1597.0,,,,908.0,,,,,https://www.redfin.com/WA/Seattle/2143-9th-Ave-W-98119/unit-11/home/172708547,,,N,Y,47.6388755,-122.3692781
PAST SALE,,Single Family Residential,3440 15th Ave W,Seattle,WA,98119,600000.0,2.0,1.0,,1010.0,2825.0,1911.0,,594.0,,,,,https://www.redfin.com/WA/Seattle/3440-15th-Ave-W-98119/home/130446,,,N,Y,47.6515705,-122.3758964
PAST SALE,,Single Family Residential,1830 6th Ave W,Seattle,WA,98119,1450000.0,3.0,2.5,,1880.0,3600.0,2001.0,,771.0,,,,,https://www.redfin.com/WA/Seattle/1830-6th-Ave-W-98119/home/184013290,,,N,Y,47.6356641,-122.3648634
PAST SALE,,Condo/Co-op,912 3rd Ave W #202,Seattle,WA,98119,479000.0,2.0,1.5,,850.0,,1969.0,,564.0,,,,,https://www.redfin.com/WA/Seattle/912-3rd-Ave-W-98119/unit-202/home/30587,,,N,Y,47.6272169,-122.3603366
PAST SALE,,Townhouse,1936 8th Ave W Unit B,Seattle,WA,98119,1250000.0,3.0,2.5,,1900.0,1365.0,2016.0,,658.0,,,,,https://www.redfin.com/WA/Seattle/1936-8th-Ave-W-98119/unit-B/home/106725795,,,N,Y,47.6370482,-122.3672856
PAST SALE,,Townhouse,1963 12th Ave W Unit B,Seattle,WA,98119,1130000.0,2.0,2.5,,1785.0,1230.0,2022.0,,633.0,,,,,https://www.redfin.com/WA/Seattle/1963-12th-Ave-W-98119/unit-B/home/182051536,,,N,Y,47.6378353,-122.373112
PAST SALE,,Condo/Co-op,100 W Highland Dr #1220,Seattle,WA,98119,1475000.0,2.0,2.5,,1898.0,,1921.0,,777.0,,,,,https://www.redfin.com/WA/Seattle/100-W-Highland-Dr-98119/unit-1220/home/62997,,,N,Y,47.629716,-122.35831
PAST SALE,,Condo/Co-op,528 W Olympic Pl #101,Seattle,WA,98119,650000.0,2.0,1.0,,832.0,,1949.0,,781.0,,,,,https://www.redfin.com/WA/Seattle/528-W-Olympic-Pl-98119/unit-101/home/50146,,,N,Y,47.6273177,-122.3643716
PAST SALE,,Condo/Co-op,528 W Olympic Pl #107,Seattle,WA,98119,518000.0,2.0,1.0,,864.0,,1949.0,,600.0,,,,,https://www.redfin.com/WA/Seattle/528-W-Olympic-Pl-98119/unit-107/home/51479,,,N,Y,47.6273177,-122.3643716
PAST SALE,,Townhouse,1811 12th Ave W,Seattle,WA,98119,1550000.0,4.0,3.5,,2020.0,1715.0,2017.0,,767.0,,,,,https://www.redfin.com/WA/Seattle/1811-12th-Ave-W-98119/home/109969345,,,N,Y,47.6351864,-122.3732283
PAST SALE,,Condo/Co-op,2111 9th Ave W #22,Seattle,WA,98119,1462500.0,3.0,3.5,,1597.0,,,,916.0,,,,,https://www.redfin.com/WA/Seattle/2111-9th-Ave-W-98119/unit-22/home/178437887,,,N,Y,47.6382363,-122.369538
